opt,lr,momentum,test_acc_mean,test_acc_sd,val_acc_mean,seeds_diverged,verdict
SGD,0.1,0.5,0.9902666666666667,0.0004932882862316501,0.9862222222222222,0,strong
SGD,0.01,0.9,0.9899999999999999,0.0,0.9864999999999999,0,strong
SGD,0.1,0.0,0.9899,0.0006000000000000172,0.9858888888888888,0,strong
SGD,0.1,0.9,0.9898333333333333,0.0004932882862315704,0.9882222222222222,0,strong
Adam,0.001,,0.9887666666666667,0.001305118130030176,0.9862222222222222,0,strong
Adam,0.003,,0.9867666666666667,0.0003055050463303557,0.984111111111111,0,strong
Adam,0.0001,,0.9829333333333334,0.0006806859285554043,0.9778333333333333,0,strong
SGD,0.01,0.5,0.9791,0.00040000000000002534,0.9721666666666667,0,works
Adam,0.01,,0.9726666666666667,0.0008962886439832866,0.9659444444444444,0,works
SGD,0.01,0.0,0.959,0.0019519221295943203,0.9495555555555555,0,works
SGD,0.001,0.9,0.9588,0.0018681541692269546,0.9496111111111111,0,works
Adam,0.03,,0.8884,0.009301612763386815,0.8852777777777777,0,underfits
SGD,0.001,0.5,0.8847999999999999,0.0011789826122551826,0.8770555555555556,0,underfits
SGD,0.001,0.0,0.7942333333333332,0.008511364951248058,0.7842222222222223,0,underfits
SGD,0.1,0.99,0.21206666666666665,0.065562896010879,0.2076111111111111,0,underfits
