arch,opt,lr,momentum,seed,label,epoch,train_loss,train_acc,val_loss,val_acc
classic,SGD,0.001,0.0,37,SGD lr=0.001 m=0,1,2.2895891419163457,0.13494444444444445,2.279716796875,0.178
classic,SGD,0.001,0.0,37,SGD lr=0.001 m=0,2,2.270825614858557,0.2855185185185185,2.2593844401041667,0.42383333333333334
classic,SGD,0.001,0.0,37,SGD lr=0.001 m=0,3,2.2468845142788356,0.4819259259259259,2.231982421875,0.5388333333333334
classic,SGD,0.001,0.0,37,SGD lr=0.001 m=0,4,2.2132661743870488,0.5620925925925926,2.1921211751302083,0.5816666666666667
classic,SGD,0.001,0.0,37,SGD lr=0.001 m=0,5,2.16328032373499,0.5899074074074074,2.13190478515625,0.593
classic,SGD,0.001,0.0,37,SGD lr=0.001 m=0,6,2.087989197766339,0.595574074074074,2.041981852213542,0.594
classic,SGD,0.001,0.0,37,SGD lr=0.001 m=0,7,1.9795353313728614,0.5982407407407407,1.9174940592447918,0.5966666666666667
classic,SGD,0.001,0.0,37,SGD lr=0.001 m=0,8,1.839217675562258,0.6045185185185186,1.7663299560546875,0.6095
classic,SGD,0.001,0.0,37,SGD lr=0.001 m=0,9,1.6805949589411417,0.6192777777777778,1.604927734375,0.6283333333333333
classic,SGD,0.001,0.0,37,SGD lr=0.001 m=0,10,1.519397437731425,0.6426666666666667,1.44679296875,0.661
classic,SGD,0.001,0.0,37,SGD lr=0.001 m=0,11,1.3669417131565236,0.6738333333333333,1.3015929361979166,0.6903333333333334
classic,SGD,0.001,0.0,37,SGD lr=0.001 m=0,12,1.2309345586211593,0.7052592592592593,1.1752668863932292,0.7196666666666667
classic,SGD,0.001,0.0,37,SGD lr=0.001 m=0,13,1.114857309906571,0.7308148148148148,1.0691509602864584,0.7391666666666666
classic,SGD,0.001,0.0,37,SGD lr=0.001 m=0,14,1.0180566242182696,0.7537777777777778,0.9813028361002604,0.7586666666666667
classic,SGD,0.001,0.0,37,SGD lr=0.001 m=0,15,0.9376928435078373,0.7727222222222222,0.9084464314778646,0.7793333333333333
classic,SGD,0.001,0.0,42,SGD lr=0.001 m=0,1,2.2856616150184914,0.1052037037037037,2.2696554361979167,0.1125
classic,SGD,0.001,0.0,42,SGD lr=0.001 m=0,2,2.25172884411282,0.22870370370370371,2.2327333984375,0.4078333333333333
classic,SGD,0.001,0.0,42,SGD lr=0.001 m=0,3,2.20869425561693,0.49737037037037035,2.182872965494792,0.5483333333333333
classic,SGD,0.001,0.0,42,SGD lr=0.001 m=0,4,2.1484176249327485,0.5705555555555556,2.1115501302083333,0.5846666666666667
classic,SGD,0.001,0.0,42,SGD lr=0.001 m=0,5,2.063056303942645,0.5785555555555556,2.012716796875,0.5783333333333334
classic,SGD,0.001,0.0,42,SGD lr=0.001 m=0,6,1.9506317442081593,0.5744259259259259,1.889201212565104,0.5735
classic,SGD,0.001,0.0,42,SGD lr=0.001 m=0,7,1.8187068113750882,0.5814259259259259,1.7516058756510418,0.5926666666666667
classic,SGD,0.001,0.0,42,SGD lr=0.001 m=0,8,1.6775578451156616,0.6062592592592593,1.6082777506510417,0.6195
classic,SGD,0.001,0.0,42,SGD lr=0.001 m=0,9,1.5340628081780894,0.6372962962962962,1.46514208984375,0.6523333333333333
classic,SGD,0.001,0.0,42,SGD lr=0.001 m=0,10,1.394019662645128,0.6692592592592592,1.3286541748046874,0.6831666666666667
classic,SGD,0.001,0.0,42,SGD lr=0.001 m=0,11,1.2636480477297747,0.6985,1.2049111328125,0.7103333333333334
classic,SGD,0.001,0.0,42,SGD lr=0.001 m=0,12,1.1476940226378265,0.7234814814814815,1.097295857747396,0.7345
classic,SGD,0.001,0.0,42,SGD lr=0.001 m=0,13,1.0477684563530816,0.7492037037037037,1.0057937418619791,0.7543333333333333
classic,SGD,0.001,0.0,42,SGD lr=0.001 m=0,14,0.9628988661059626,0.7710925925925926,0.9284638061523437,0.7736666666666666
classic,SGD,0.001,0.0,42,SGD lr=0.001 m=0,15,0.8908273979646189,0.7897962962962963,0.8627432454427083,0.7901666666666667
classic,SGD,0.001,0.0,73,SGD lr=0.001 m=0,1,2.296174819169221,0.14035185185185184,2.2869241536458333,0.18433333333333332
classic,SGD,0.001,0.0,73,SGD lr=0.001 m=0,2,2.2744427755143906,0.22807407407407407,2.2630930989583335,0.2653333333333333
classic,SGD,0.001,0.0,73,SGD lr=0.001 m=0,3,2.2459593410491943,0.3017592592592593,2.2292456868489583,0.3505
classic,SGD,0.001,0.0,73,SGD lr=0.001 m=0,4,2.202902823271575,0.4087222222222222,2.176004150390625,0.46266666666666667
classic,SGD,0.001,0.0,73,SGD lr=0.001 m=0,5,2.1344633687337238,0.4867037037037037,2.0919063313802084,0.5121666666666667
classic,SGD,0.001,0.0,73,SGD lr=0.001 m=0,6,2.0314125992457073,0.5158888888888888,1.97195849609375,0.5258333333333334
classic,SGD,0.001,0.0,73,SGD lr=0.001 m=0,7,1.8964252876705594,0.5308703703703703,1.826073974609375,0.5428333333333333
classic,SGD,0.001,0.0,73,SGD lr=0.001 m=0,8,1.7429700580173069,0.563962962962963,1.6676744384765625,0.5901666666666666
classic,SGD,0.001,0.0,73,SGD lr=0.001 m=0,9,1.5822559715906779,0.6102592592592593,1.5061688639322917,0.636
classic,SGD,0.001,0.0,73,SGD lr=0.001 m=0,10,1.4242408666610717,0.6507962962962963,1.352826171875,0.6695
classic,SGD,0.001,0.0,73,SGD lr=0.001 m=0,11,1.2801116164172137,0.6837962962962963,1.2179593912760416,0.7006666666666667
classic,SGD,0.001,0.0,73,SGD lr=0.001 m=0,12,1.1565194056122392,0.709462962962963,1.1048983154296874,0.7253333333333334
classic,SGD,0.001,0.0,73,SGD lr=0.001 m=0,13,1.0535113566010086,0.7339444444444444,1.0111975708007812,0.7491666666666666
classic,SGD,0.001,0.0,73,SGD lr=0.001 m=0,14,0.9676823970829999,0.7558333333333334,0.9328632609049479,0.7686666666666667
classic,SGD,0.001,0.0,73,SGD lr=0.001 m=0,15,0.8953605654327957,0.7741481481481481,0.8666548665364583,0.7831666666666667
classic,SGD,0.001,0.5,37,SGD lr=0.001 m=0.5,1,2.2803440676795113,0.20972222222222223,2.2595284830729168,0.4231666666666667
classic,SGD,0.001,0.5,37,SGD lr=0.001 m=0.5,2,2.2303965262660275,0.5227222222222222,2.192549072265625,0.581
classic,SGD,0.001,0.5,37,SGD lr=0.001 m=0.5,3,2.126587751812405,0.5931666666666666,2.04326953125,0.5936666666666667
classic,SGD,0.001,0.5,37,SGD lr=0.001 m=0.5,4,1.91147394851402,0.6014259259259259,1.76868310546875,0.609
classic,SGD,0.001,0.5,37,SGD lr=0.001 m=0.5,5,1.6027341763884932,0.6305925925925926,1.4493006998697917,0.6595
classic,SGD,0.001,0.5,37,SGD lr=0.001 m=0.5,6,1.3013458029429117,0.6894629629629629,1.1772051188151043,0.7181666666666666
classic,SGD,0.001,0.5,37,SGD lr=0.001 m=0.5,7,1.0682052017494483,0.7413888888888889,0.9825566813151042,0.7578333333333334
classic,SGD,0.001,0.5,37,SGD lr=0.001 m=0.5,8,0.9053410972665857,0.7809814814814815,0.848249755859375,0.7948333333333333
classic,SGD,0.001,0.5,37,SGD lr=0.001 m=0.5,9,0.7903365565229346,0.809,0.7518229370117188,0.8181666666666667
classic,SGD,0.001,0.5,37,SGD lr=0.001 m=0.5,10,0.7052995163069831,0.8282407407407407,0.67901708984375,0.8345
classic,SGD,0.001,0.5,37,SGD lr=0.001 m=0.5,11,0.6396289865882309,0.8430555555555556,0.6218438110351563,0.8476666666666667
classic,SGD,0.001,0.5,37,SGD lr=0.001 m=0.5,12,0.5873863449273286,0.8556851851851852,0.5759105631510417,0.858
classic,SGD,0.001,0.5,37,SGD lr=0.001 m=0.5,13,0.5448985559675429,0.8639259259259259,0.5380794677734375,0.8658333333333333
classic,SGD,0.001,0.5,37,SGD lr=0.001 m=0.5,14,0.5098810584280226,0.8708888888888889,0.5067795104980469,0.8721666666666666
classic,SGD,0.001,0.5,37,SGD lr=0.001 m=0.5,15,0.4806687747284218,0.8768518518518519,0.48055406697591146,0.8763333333333333
classic,SGD,0.001,0.5,42,SGD lr=0.001 m=0.5,1,2.2689414414299858,0.16662962962962963,2.2329912923177084,0.4075
classic,SGD,0.001,0.5,42,SGD lr=0.001 m=0.5,2,2.1791908802456326,0.5313333333333333,2.1124763997395832,0.5855
classic,SGD,0.001,0.5,42,SGD lr=0.001 m=0.5,3,2.008328325907389,0.5792407407407407,1.8908310546875,0.5715
classic,SGD,0.001,0.5,42,SGD lr=0.001 m=0.5,4,1.7502405421998766,0.5914444444444444,1.6104429117838541,0.619
classic,SGD,0.001,0.5,42,SGD lr=0.001 m=0.5,5,1.4665647955294008,0.6518703703703703,1.3309925944010417,0.6831666666666667
classic,SGD,0.001,0.5,42,SGD lr=0.001 m=0.5,6,1.207865839710942,0.7105555555555556,1.099002644856771,0.7341666666666666
classic,SGD,0.001,0.5,42,SGD lr=0.001 m=0.5,7,1.0069243725847314,0.7598888888888888,0.9296506754557292,0.7728333333333334
classic,SGD,0.001,0.5,42,SGD lr=0.001 m=0.5,8,0.8612130005801165,0.7961481481481482,0.8074607747395833,0.8046666666666666
classic,SGD,0.001,0.5,42,SGD lr=0.001 m=0.5,9,0.7542136788898044,0.821925925925926,0.7167565104166667,0.8281666666666667
classic,SGD,0.001,0.5,42,SGD lr=0.001 m=0.5,10,0.6736208980171768,0.839574074074074,0.6480708211263021,0.8415
classic,SGD,0.001,0.5,42,SGD lr=0.001 m=0.5,11,0.6118491634969359,0.852574074074074,0.5947734171549479,0.8525
classic,SGD,0.001,0.5,42,SGD lr=0.001 m=0.5,12,0.5637729543756556,0.8627592592592592,0.5530884602864583,0.862
classic,SGD,0.001,0.5,42,SGD lr=0.001 m=0.5,13,0.5256603098092256,0.8693703703703703,0.5199360555013021,0.8681666666666666
classic,SGD,0.001,0.5,42,SGD lr=0.001 m=0.5,14,0.49496265098783704,0.8746666666666667,0.4925160929361979,0.8723333333333333
classic,SGD,0.001,0.5,42,SGD lr=0.001 m=0.5,15,0.46967718013127646,0.8790925925925926,0.46997454833984376,0.8761666666666666
classic,SGD,0.001,0.5,73,SGD lr=0.001 m=0.5,1,2.2854773529900445,0.18342592592592594,2.2632928059895834,0.2653333333333333
classic,SGD,0.001,0.5,73,SGD lr=0.001 m=0.5,2,2.2249059752005116,0.3515185185185185,2.176729248046875,0.4643333333333333
classic,SGD,0.001,0.5,73,SGD lr=0.001 m=0.5,3,2.0844502127612077,0.5000185185185185,1.9739231770833334,0.5265
classic,SGD,0.001,0.5,73,SGD lr=0.001 m=0.5,4,1.8222653578652277,0.5487037037037037,1.670289835611979,0.5878333333333333
classic,SGD,0.001,0.5,73,SGD lr=0.001 m=0.5,5,1.5059988301595053,0.6286296296296296,1.3551144612630208,0.6701666666666667
classic,SGD,0.001,0.5,73,SGD lr=0.001 m=0.5,6,1.2204523701844392,0.6967962962962962,1.1064189860026041,0.7263333333333334
classic,SGD,0.001,0.5,73,SGD lr=0.001 m=0.5,7,1.0120715370531435,0.7441666666666666,0.9340361124674479,0.7686666666666667
classic,SGD,0.001,0.5,73,SGD lr=0.001 m=0.5,8,0.865593152558362,0.782962962962963,0.8108295288085937,0.7991666666666667
classic,SGD,0.001,0.5,73,SGD lr=0.001 m=0.5,9,0.7578787625807303,0.8127407407407408,0.71889501953125,0.8238333333333333
classic,SGD,0.001,0.5,73,SGD lr=0.001 m=0.5,10,0.6757481004043862,0.8350925925925926,0.648028076171875,0.8401666666666666
classic,SGD,0.001,0.5,73,SGD lr=0.001 m=0.5,11,0.6118823725735699,0.8502777777777778,0.5928225504557292,0.8523333333333334
classic,SGD,0.001,0.5,73,SGD lr=0.001 m=0.5,12,0.5614816644280045,0.860462962962963,0.5491141153971354,0.8628333333333333
classic,SGD,0.001,0.5,73,SGD lr=0.001 m=0.5,13,0.5212041893005371,0.8683518518518518,0.5136692301432292,0.8693333333333333
classic,SGD,0.001,0.5,73,SGD lr=0.001 m=0.5,14,0.48841380000997475,0.8748148148148148,0.484712148030599,0.8725
classic,SGD,0.001,0.5,73,SGD lr=0.001 m=0.5,15,0.4613821483453115,0.8798888888888889,0.46049749755859376,0.8786666666666667
classic,SGD,0.001,0.9,37,SGD lr=0.001 m=0.9,1,2.0716415509117976,0.4940555555555556,1.5437164713541667,0.6356666666666667
classic,SGD,0.001,0.9,37,SGD lr=0.001 m=0.9,2,1.004445080280304,0.7563888888888889,0.698444580078125,0.8298333333333333
classic,SGD,0.001,0.9,37,SGD lr=0.001 m=0.9,3,0.5658212861484951,0.8582407407407407,0.48855872599283856,0.8743333333333333
classic,SGD,0.001,0.9,37,SGD lr=0.001 m=0.9,4,0.4256145292564675,0.8871296296296296,0.40018863932291665,0.889
classic,SGD,0.001,0.9,37,SGD lr=0.001 m=0.9,5,0.3592799504686285,0.9016296296296297,0.34973533121744793,0.9031666666666667
classic,SGD,0.001,0.9,37,SGD lr=0.001 m=0.9,6,0.318539135950583,0.9109259259259259,0.3163363240559896,0.9096666666666666
classic,SGD,0.001,0.9,37,SGD lr=0.001 m=0.9,7,0.2886781198625211,0.9183703703703704,0.29016632080078125,0.916
classic,SGD,0.001,0.9,37,SGD lr=0.001 m=0.9,8,0.263872358167613,0.9247592592592593,0.2677019653320313,0.9231666666666667
classic,SGD,0.001,0.9,37,SGD lr=0.001 m=0.9,9,0.2423231160287504,0.9308333333333333,0.24755797322591147,0.9303333333333333
classic,SGD,0.001,0.9,37,SGD lr=0.001 m=0.9,10,0.22329474949395214,0.9362592592592592,0.23044652303059895,0.9348333333333333
classic,SGD,0.001,0.9,37,SGD lr=0.001 m=0.9,11,0.20599117664496103,0.9411111111111111,0.214178955078125,0.9396666666666667
classic,SGD,0.001,0.9,37,SGD lr=0.001 m=0.9,12,0.19049843022116908,0.9455185185185185,0.20017778523763022,0.943
classic,SGD,0.001,0.9,37,SGD lr=0.001 m=0.9,13,0.17650422822546075,0.9495370370370371,0.18695081075032552,0.9456666666666667
classic,SGD,0.001,0.9,37,SGD lr=0.001 m=0.9,14,0.16401816707628744,0.9531111111111111,0.17548668416341145,0.9491666666666667
classic,SGD,0.001,0.9,37,SGD lr=0.001 m=0.9,15,0.1530388725289592,0.9561481481481482,0.1648604939778646,0.949
classic,SGD,0.001,0.9,42,SGD lr=0.001 m=0.9,1,1.9782823308308919,0.48553703703703704,1.4065343424479166,0.6626666666666666
classic,SGD,0.001,0.9,42,SGD lr=0.001 m=0.9,2,0.943114714746122,0.7727777777777778,0.6660658365885417,0.835
classic,SGD,0.001,0.9,42,SGD lr=0.001 m=0.9,3,0.5447149840990703,0.8641666666666666,0.476951405843099,0.873
classic,SGD,0.001,0.9,42,SGD lr=0.001 m=0.9,4,0.42218757970244797,0.8873888888888889,0.39907670084635416,0.8888333333333334
classic,SGD,0.001,0.9,42,SGD lr=0.001 m=0.9,5,0.3636996989515093,0.8992037037037037,0.3556972452799479,0.8966666666666666
classic,SGD,0.001,0.9,42,SGD lr=0.001 m=0.9,6,0.3255729134833371,0.908,0.3242449442545573,0.905
classic,SGD,0.001,0.9,42,SGD lr=0.001 m=0.9,7,0.29655606005809926,0.9156111111111112,0.297916748046875,0.9133333333333333
classic,SGD,0.001,0.9,42,SGD lr=0.001 m=0.9,8,0.2723159377045102,0.9219444444444445,0.27628490193684896,0.9195
classic,SGD,0.001,0.9,42,SGD lr=0.001 m=0.9,9,0.2511028669940101,0.9275925925925926,0.2569911855061849,0.9238333333333333
classic,SGD,0.001,0.9,42,SGD lr=0.001 m=0.9,10,0.23197230509475425,0.9332407407407407,0.23923150126139323,0.9293333333333333
classic,SGD,0.001,0.9,42,SGD lr=0.001 m=0.9,11,0.21471087876514153,0.9377592592592593,0.22322947184244793,0.9355
classic,SGD,0.001,0.9,42,SGD lr=0.001 m=0.9,12,0.19892006239184626,0.9425,0.20816861979166668,0.9395
classic,SGD,0.001,0.9,42,SGD lr=0.001 m=0.9,13,0.1844562300487801,0.9464814814814815,0.19455460103352865,0.9435
classic,SGD,0.001,0.9,42,SGD lr=0.001 m=0.9,14,0.17135475290704658,0.9501851851851851,0.1814189249674479,0.9476666666666667
classic,SGD,0.001,0.9,42,SGD lr=0.001 m=0.9,15,0.15926364095122725,0.9534444444444444,0.16992081705729167,0.9495
classic,SGD,0.001,0.9,73,SGD lr=0.001 m=0.9,1,2.033770193417867,0.4214259259259259,1.4513256429036459,0.647
classic,SGD,0.001,0.9,73,SGD lr=0.001 m=0.9,2,0.9542501703721505,0.7622407407407408,0.66817822265625,0.8363333333333334
classic,SGD,0.001,0.9,73,SGD lr=0.001 m=0.9,3,0.5416629240424544,0.8639629629629629,0.4687296752929688,0.8766666666666667
classic,SGD,0.001,0.9,73,SGD lr=0.001 m=0.9,4,0.4104543258349101,0.8901296296296296,0.38556986490885414,0.8933333333333333
classic,SGD,0.001,0.9,73,SGD lr=0.001 m=0.9,5,0.34717581655361035,0.9038888888888889,0.33859954833984374,0.9053333333333333
classic,SGD,0.001,0.9,73,SGD lr=0.001 m=0.9,6,0.3068261253480558,0.9131851851851852,0.3060005798339844,0.912
classic,SGD,0.001,0.9,73,SGD lr=0.001 m=0.9,7,0.27663950983683266,0.9203703703703704,0.27880647786458335,0.919
classic,SGD,0.001,0.9,73,SGD lr=0.001 m=0.9,8,0.25189168993632,0.9267777777777778,0.2573337910970052,0.925
classic,SGD,0.001,0.9,73,SGD lr=0.001 m=0.9,9,0.23063793246834366,0.9329259259259259,0.23811507161458334,0.932
classic,SGD,0.001,0.9,73,SGD lr=0.001 m=0.9,10,0.2120822900886889,0.9393518518518519,0.22123474629720052,0.9348333333333333
classic,SGD,0.001,0.9,73,SGD lr=0.001 m=0.9,11,0.19570926412167372,0.9435740740740741,0.20720267740885417,0.9376666666666666
classic,SGD,0.001,0.9,73,SGD lr=0.001 m=0.9,12,0.18114654463750346,0.9477962962962962,0.19306351725260418,0.9413333333333334
classic,SGD,0.001,0.9,73,SGD lr=0.001 m=0.9,13,0.16830387511959782,0.9514814814814815,0.18083741760253907,0.9441666666666667
classic,SGD,0.001,0.9,73,SGD lr=0.001 m=0.9,14,0.15681350480406372,0.9547592592592593,0.17017750040690105,0.9463333333333334
classic,SGD,0.001,0.9,73,SGD lr=0.001 m=0.9,15,0.1467512236436208,0.957462962962963,0.16044674682617188,0.9503333333333334
classic,SGD,0.01,0.0,37,SGD lr=0.01 m=0,1,2.031055238229257,0.510425925925926,1.449354736328125,0.658
classic,SGD,0.01,0.0,37,SGD lr=0.01 m=0,2,0.9554258694472136,0.769462962962963,0.6790791625976562,0.8351666666666666
classic,SGD,0.01,0.0,37,SGD lr=0.01 m=0,3,0.5535354518183956,0.8613148148148149,0.48093091837565105,0.8756666666666667
classic,SGD,0.01,0.0,37,SGD lr=0.01 m=0,4,0.42033632488603945,0.888462962962963,0.39604884847005206,0.8908333333333334
classic,SGD,0.01,0.0,37,SGD lr=0.01 m=0,5,0.3562626611921522,0.9024074074074074,0.3475332539876302,0.9025
classic,SGD,0.01,0.0,37,SGD lr=0.01 m=0,6,0.3164222046004401,0.9117407407407407,0.3146663818359375,0.9106666666666666
classic,SGD,0.01,0.0,37,SGD lr=0.01 m=0,7,0.28680670981936984,0.9186666666666666,0.2881707763671875,0.9178333333333333
classic,SGD,0.01,0.0,37,SGD lr=0.01 m=0,8,0.2622738214775368,0.9252222222222222,0.2663489278157552,0.9226666666666666
classic,SGD,0.01,0.0,37,SGD lr=0.01 m=0,9,0.24103270557191636,0.931074074074074,0.24634476216634116,0.9311666666666667
classic,SGD,0.01,0.0,37,SGD lr=0.01 m=0,10,0.22204380146220878,0.9361481481481482,0.22917454528808595,0.9363333333333334
classic,SGD,0.01,0.0,37,SGD lr=0.01 m=0,11,0.20503170535741028,0.9413888888888889,0.2133529815673828,0.9391666666666667
classic,SGD,0.01,0.0,37,SGD lr=0.01 m=0,12,0.18956744220521715,0.9455555555555556,0.19945069376627605,0.9431666666666667
classic,SGD,0.01,0.0,37,SGD lr=0.01 m=0,13,0.1758045785382942,0.9496851851851852,0.18600681559244792,0.9456666666666667
classic,SGD,0.01,0.0,37,SGD lr=0.01 m=0,14,0.16347431687072472,0.9532037037037037,0.17494868977864583,0.949
classic,SGD,0.01,0.0,37,SGD lr=0.01 m=0,15,0.15250666308844532,0.9563888888888888,0.16425679524739584,0.9505
classic,SGD,0.01,0.0,42,SGD lr=0.01 m=0,1,1.9362754938690752,0.5019259259259259,1.3325568033854167,0.6796666666666666
classic,SGD,0.01,0.0,42,SGD lr=0.01 m=0,2,0.9029452067834359,0.7840370370370371,0.6488844197591146,0.8396666666666667
classic,SGD,0.01,0.0,42,SGD lr=0.01 m=0,3,0.5344741830649199,0.8669259259259259,0.4708788146972656,0.8755
classic,SGD,0.01,0.0,42,SGD lr=0.01 m=0,4,0.41799765852645593,0.8882222222222222,0.39603390502929686,0.8888333333333334
classic,SGD,0.01,0.0,42,SGD lr=0.01 m=0,5,0.36103144548557425,0.8998148148148148,0.35399303181966146,0.8965
classic,SGD,0.01,0.0,42,SGD lr=0.01 m=0,6,0.3235597780854614,0.9084444444444445,0.32219901529947914,0.9051666666666667
classic,SGD,0.01,0.0,42,SGD lr=0.01 m=0,7,0.29482269590872306,0.916,0.29662060546875,0.9126666666666666
classic,SGD,0.01,0.0,42,SGD lr=0.01 m=0,8,0.2706920287564949,0.9223888888888889,0.2748212890625,0.9193333333333333
classic,SGD,0.01,0.0,42,SGD lr=0.01 m=0,9,0.24955505198019523,0.9278518518518518,0.25568177286783855,0.9235
classic,SGD,0.01,0.0,42,SGD lr=0.01 m=0,10,0.2305534089538786,0.9332222222222222,0.23778101603190105,0.93
classic,SGD,0.01,0.0,42,SGD lr=0.01 m=0,11,0.21344107780633148,0.9382777777777778,0.22207100423177084,0.9356666666666666
classic,SGD,0.01,0.0,42,SGD lr=0.01 m=0,12,0.19785773868030973,0.9427037037037037,0.20745172119140626,0.9401666666666667
classic,SGD,0.01,0.0,42,SGD lr=0.01 m=0,13,0.18350096398812754,0.9466666666666667,0.19398589579264322,0.943
classic,SGD,0.01,0.0,42,SGD lr=0.01 m=0,14,0.17054737955994076,0.9505370370370371,0.18095827229817707,0.9475
classic,SGD,0.01,0.0,42,SGD lr=0.01 m=0,15,0.15859539872187156,0.9536481481481481,0.16973844909667968,0.949
classic,SGD,0.01,0.0,73,SGD lr=0.01 m=0,1,1.986738896758468,0.44125925925925924,1.3573350830078126,0.671
classic,SGD,0.01,0.0,73,SGD lr=0.01 m=0,2,0.9085039453329863,0.7753148148148148,0.6491975708007812,0.8398333333333333
classic,SGD,0.01,0.0,73,SGD lr=0.01 m=0,3,0.5301129212379455,0.8668703703703704,0.46235836791992185,0.879
classic,SGD,0.01,0.0,73,SGD lr=0.01 m=0,4,0.4057644826571147,0.8910925925925925,0.3824303181966146,0.8938333333333334
classic,SGD,0.01,0.0,73,SGD lr=0.01 m=0,5,0.3444864014696192,0.9046851851851851,0.33634768676757815,0.9053333333333333
classic,SGD,0.01,0.0,73,SGD lr=0.01 m=0,6,0.3048102230672483,0.9137777777777778,0.30386832682291665,0.9131666666666667
classic,SGD,0.01,0.0,73,SGD lr=0.01 m=0,7,0.27499360242154863,0.9207407407407407,0.2773989969889323,0.9208333333333333
classic,SGD,0.01,0.0,73,SGD lr=0.01 m=0,8,0.2504653847703227,0.9273703703703704,0.25572479248046875,0.9263333333333333
classic,SGD,0.01,0.0,73,SGD lr=0.01 m=0,9,0.22932439119727524,0.9335185185185185,0.23756466674804688,0.932
classic,SGD,0.01,0.0,73,SGD lr=0.01 m=0,10,0.21096700853771633,0.9397962962962964,0.22006770833333333,0.9348333333333333
classic,SGD,0.01,0.0,73,SGD lr=0.01 m=0,11,0.19457697414689593,0.943962962962963,0.20656735229492187,0.9373333333333334
classic,SGD,0.01,0.0,73,SGD lr=0.01 m=0,12,0.18018991061051687,0.948,0.1922531026204427,0.9416666666666667
classic,SGD,0.01,0.0,73,SGD lr=0.01 m=0,13,0.167344665394889,0.9519074074074074,0.17989025370279949,0.9446666666666667
classic,SGD,0.01,0.0,73,SGD lr=0.01 m=0,14,0.15610220921922613,0.9547407407407408,0.16933192952473958,0.947
classic,SGD,0.01,0.0,73,SGD lr=0.01 m=0,15,0.14610198991828494,0.9575,0.16009938557942707,0.9491666666666667
classic,SGD,0.01,0.5,37,SGD lr=0.01 m=0.5,1,1.5067460864031756,0.6353703703703704,0.6850445149739584,0.8325
classic,SGD,0.01,0.5,37,SGD lr=0.01 m=0.5,2,0.4904210883423134,0.8749814814814815,0.3965398152669271,0.8926666666666667
classic,SGD,0.01,0.5,37,SGD lr=0.01 m=0.5,3,0.3381447159846624,0.9055740740740741,0.3150678405761719,0.912
classic,SGD,0.01,0.5,37,SGD lr=0.01 m=0.5,4,0.27629181406233044,0.9217407407407407,0.26868861897786456,0.9235
classic,SGD,0.01,0.5,37,SGD lr=0.01 m=0.5,5,0.23338096102520273,0.9333333333333333,0.23051850891113282,0.9343333333333333
classic,SGD,0.01,0.5,37,SGD lr=0.01 m=0.5,6,0.19898494520893803,0.9431666666666667,0.20044376118977864,0.9423333333333334
classic,SGD,0.01,0.5,37,SGD lr=0.01 m=0.5,7,0.17129567039012908,0.9506851851851852,0.1751688741048177,0.9481666666666667
classic,SGD,0.01,0.5,37,SGD lr=0.01 m=0.5,8,0.149015215838397,0.957462962962963,0.15691885375976564,0.9518333333333333
classic,SGD,0.01,0.5,37,SGD lr=0.01 m=0.5,9,0.1317452285775432,0.9624814814814815,0.139566162109375,0.957
classic,SGD,0.01,0.5,37,SGD lr=0.01 m=0.5,10,0.11770946115255355,0.9665925925925926,0.12711294555664063,0.9606666666666667
classic,SGD,0.01,0.5,37,SGD lr=0.01 m=0.5,11,0.1066665094141607,0.9693333333333334,0.11654314931233724,0.9633333333333334
classic,SGD,0.01,0.5,37,SGD lr=0.01 m=0.5,12,0.09739623972442416,0.972,0.10853975931803385,0.9661666666666666
classic,SGD,0.01,0.5,37,SGD lr=0.01 m=0.5,13,0.08976212121601458,0.974574074074074,0.10013152821858724,0.9688333333333333
classic,SGD,0.01,0.5,37,SGD lr=0.01 m=0.5,14,0.08315308929483096,0.9765370370370371,0.09456658426920572,0.9706666666666667
classic,SGD,0.01,0.5,37,SGD lr=0.01 m=0.5,15,0.07776543392296191,0.9778888888888889,0.08862945302327474,0.9721666666666666
classic,SGD,0.01,0.5,42,SGD lr=0.01 m=0.5,1,1.4322715542228133,0.6371851851851852,0.6547402750651041,0.8401666666666666
classic,SGD,0.01,0.5,42,SGD lr=0.01 m=0.5,2,0.47916425078003494,0.8769259259259259,0.3978394978841146,0.889
classic,SGD,0.01,0.5,42,SGD lr=0.01 m=0.5,3,0.3438218558717657,0.9042037037037037,0.3234253133138021,0.9045
classic,SGD,0.01,0.5,42,SGD lr=0.01 m=0.5,4,0.28439948583532265,0.9185555555555556,0.27459056599934895,0.9195
classic,SGD,0.01,0.5,42,SGD lr=0.01 m=0.5,5,0.2416243655902368,0.9301666666666667,0.23878523254394532,0.9293333333333333
classic,SGD,0.01,0.5,42,SGD lr=0.01 m=0.5,6,0.2069124823278851,0.9398148148148148,0.20775567118326824,0.9395
classic,SGD,0.01,0.5,42,SGD lr=0.01 m=0.5,7,0.17811597765816584,0.9478148148148148,0.18147469075520833,0.9458333333333333
classic,SGD,0.01,0.5,42,SGD lr=0.01 m=0.5,8,0.15435596740466578,0.9555925925925925,0.16010531616210938,0.9525
classic,SGD,0.01,0.5,42,SGD lr=0.01 m=0.5,9,0.134912209170836,0.9606111111111111,0.14167343139648436,0.957
classic,SGD,0.01,0.5,42,SGD lr=0.01 m=0.5,10,0.11948447531461716,0.9657962962962963,0.12745541127522786,0.9616666666666667
classic,SGD,0.01,0.5,42,SGD lr=0.01 m=0.5,11,0.10718254753174605,0.9691851851851851,0.11754871622721354,0.9643333333333334
classic,SGD,0.01,0.5,42,SGD lr=0.01 m=0.5,12,0.09738947081124341,0.9719074074074074,0.10842225646972656,0.969
classic,SGD,0.01,0.5,42,SGD lr=0.01 m=0.5,13,0.08937555084184363,0.9742962962962963,0.10134980010986328,0.9703333333333334
classic,SGD,0.01,0.5,42,SGD lr=0.01 m=0.5,14,0.08294639207257165,0.9759629629629629,0.09413525390625,0.9726666666666667
classic,SGD,0.01,0.5,42,SGD lr=0.01 m=0.5,15,0.07726553416804031,0.9776111111111111,0.08952883656819662,0.974
classic,SGD,0.01,0.5,73,SGD lr=0.01 m=0.5,1,1.4618744699160258,0.6044444444444445,0.6525771687825521,0.8398333333333333
classic,SGD,0.01,0.5,73,SGD lr=0.01 m=0.5,2,0.47026567962434557,0.8784074074074074,0.384697509765625,0.8955
classic,SGD,0.01,0.5,73,SGD lr=0.01 m=0.5,3,0.3260893954789197,0.9090370370370371,0.3057859802246094,0.9123333333333333
classic,SGD,0.01,0.5,73,SGD lr=0.01 m=0.5,4,0.26429469995145444,0.9232962962962963,0.2568115743001302,0.9258333333333333
classic,SGD,0.01,0.5,73,SGD lr=0.01 m=0.5,5,0.22164272522926332,0.9355,0.22079523213704427,0.9353333333333333
classic,SGD,0.01,0.5,73,SGD lr=0.01 m=0.5,6,0.18878482826992318,0.9458148148148148,0.19327569071451822,0.9425
classic,SGD,0.01,0.5,73,SGD lr=0.01 m=0.5,7,0.1631169302728441,0.9528888888888889,0.17113014729817708,0.9475
classic,SGD,0.01,0.5,73,SGD lr=0.01 m=0.5,8,0.14305311092623957,0.9581296296296297,0.1521084696451823,0.9533333333333334
classic,SGD,0.01,0.5,73,SGD lr=0.01 m=0.5,9,0.1271118284508034,0.963574074074074,0.13900008138020833,0.957
classic,SGD,0.01,0.5,73,SGD lr=0.01 m=0.5,10,0.1147744370787232,0.9670185185185185,0.12695409138997396,0.9601666666666666
classic,SGD,0.01,0.5,73,SGD lr=0.01 m=0.5,11,0.104758975211117,0.9698703703703704,0.11820542907714844,0.9623333333333334
classic,SGD,0.01,0.5,73,SGD lr=0.01 m=0.5,12,0.09634136429760191,0.9725,0.11102268727620443,0.9661666666666666
classic,SGD,0.01,0.5,73,SGD lr=0.01 m=0.5,13,0.08936615260000583,0.9743333333333334,0.10380068969726562,0.9665
classic,SGD,0.01,0.5,73,SGD lr=0.01 m=0.5,14,0.08359849391270567,0.9755925925925926,0.0984928944905599,0.9686666666666667
classic,SGD,0.01,0.5,73,SGD lr=0.01 m=0.5,15,0.0785362077333309,0.9771851851851852,0.09499927775065105,0.9703333333333334
classic,SGD,0.01,0.9,37,SGD lr=0.01 m=0.9,1,0.6718879059994662,0.8207407407407408,0.25058937072753906,0.9276666666666666
classic,SGD,0.01,0.9,37,SGD lr=0.01 m=0.9,2,0.1698924966344127,0.9505370370370371,0.13680116780598958,0.9586666666666667
classic,SGD,0.01,0.9,37,SGD lr=0.01 m=0.9,3,0.10058016253400733,0.9708333333333333,0.09664865875244141,0.97
classic,SGD,0.01,0.9,37,SGD lr=0.01 m=0.9,4,0.07412806070402816,0.978,0.07784206899007161,0.9756666666666667
classic,SGD,0.01,0.9,37,SGD lr=0.01 m=0.9,5,0.06131258623357173,0.9821481481481481,0.07189635213216146,0.9776666666666667
classic,SGD,0.01,0.9,37,SGD lr=0.01 m=0.9,6,0.05119213164349397,0.9848703703703704,0.060263253529866535,0.9801666666666666
classic,SGD,0.01,0.9,37,SGD lr=0.01 m=0.9,7,0.0453829139371713,0.9868888888888889,0.059142860412597656,0.9813333333333333
classic,SGD,0.01,0.9,37,SGD lr=0.01 m=0.9,8,0.04074303591416942,0.9877592592592592,0.055491963704427084,0.982
classic,SGD,0.01,0.9,37,SGD lr=0.01 m=0.9,9,0.037180772632360456,0.9888888888888889,0.048220703125,0.9856666666666667
classic,SGD,0.01,0.9,37,SGD lr=0.01 m=0.9,10,0.03325059715686021,0.9900555555555556,0.04488762410481771,0.9855
classic,SGD,0.01,0.9,37,SGD lr=0.01 m=0.9,11,0.031250661062973514,0.9910740740740741,0.047426035563151045,0.9841666666666666
classic,SGD,0.01,0.9,37,SGD lr=0.01 m=0.9,12,0.028580700355547446,0.9914814814814815,0.042964040120442706,0.9866666666666667
classic,SGD,0.01,0.9,37,SGD lr=0.01 m=0.9,13,0.026854717210487083,0.9918148148148148,0.041231759389241535,0.9865
classic,SGD,0.01,0.9,37,SGD lr=0.01 m=0.9,14,0.02434991371203904,0.9928333333333333,0.04129378763834635,0.9858333333333333
classic,SGD,0.01,0.9,37,SGD lr=0.01 m=0.9,15,0.022852810188576028,0.9928888888888889,0.03682734616597493,0.9883333333333333
classic,SGD,0.01,0.9,42,SGD lr=0.01 m=0.9,1,0.6479517711842502,0.8195,0.25818795776367187,0.9248333333333333
classic,SGD,0.01,0.9,42,SGD lr=0.01 m=0.9,2,0.17741900703642102,0.9478333333333333,0.14126361592610678,0.958
classic,SGD,0.01,0.9,42,SGD lr=0.01 m=0.9,3,0.10278540519652543,0.969037037037037,0.0965956522623698,0.9705
classic,SGD,0.01,0.9,42,SGD lr=0.01 m=0.9,4,0.07447252850179319,0.9779629629629629,0.07956159973144532,0.9755
classic,SGD,0.01,0.9,42,SGD lr=0.01 m=0.9,5,0.06052602191766103,0.9822407407407407,0.06669709142049153,0.9781666666666666
classic,SGD,0.01,0.9,42,SGD lr=0.01 m=0.9,6,0.05281491159344161,0.9841481481481481,0.07428495025634765,0.9768333333333333
classic,SGD,0.01,0.9,42,SGD lr=0.01 m=0.9,7,0.04598698953566728,0.9864814814814815,0.057082501729329424,0.982
classic,SGD,0.01,0.9,42,SGD lr=0.01 m=0.9,8,0.04135735079563326,0.9875,0.052314103444417316,0.9823333333333333
classic,SGD,0.01,0.9,42,SGD lr=0.01 m=0.9,9,0.03728530296296985,0.9890555555555556,0.04939527638753255,0.9836666666666667
classic,SGD,0.01,0.9,42,SGD lr=0.01 m=0.9,10,0.03398706222518726,0.9898888888888889,0.050487630208333335,0.9835
classic,SGD,0.01,0.9,42,SGD lr=0.01 m=0.9,11,0.031780119406404315,0.9906666666666667,0.04759006754557292,0.9848333333333333
classic,SGD,0.01,0.9,42,SGD lr=0.01 m=0.9,12,0.028815843262606198,0.9917592592592592,0.047620960235595707,0.9861666666666666
classic,SGD,0.01,0.9,42,SGD lr=0.01 m=0.9,13,0.026864926067215425,0.9920925925925926,0.043270701090494794,0.9855
classic,SGD,0.01,0.9,42,SGD lr=0.01 m=0.9,14,0.025002273499413773,0.9929444444444444,0.04132828903198242,0.9866666666666667
classic,SGD,0.01,0.9,42,SGD lr=0.01 m=0.9,15,0.023245541724203914,0.9933888888888889,0.04067848459879557,0.9858333333333333
classic,SGD,0.01,0.9,73,SGD lr=0.01 m=0.9,1,0.6492585699006364,0.817,0.237982421875,0.9313333333333333
classic,SGD,0.01,0.9,73,SGD lr=0.01 m=0.9,2,0.16435919210204372,0.9511666666666667,0.13974449666341146,0.9573333333333334
classic,SGD,0.01,0.9,73,SGD lr=0.01 m=0.9,3,0.10208940791421467,0.9701111111111111,0.10112611389160156,0.9695
classic,SGD,0.01,0.9,73,SGD lr=0.01 m=0.9,4,0.07689634616838562,0.9774444444444444,0.08296950276692708,0.9743333333333334
classic,SGD,0.01,0.9,73,SGD lr=0.01 m=0.9,5,0.06341313391040873,0.9808703703703704,0.07428049468994141,0.9753333333333334
classic,SGD,0.01,0.9,73,SGD lr=0.01 m=0.9,6,0.054582256410960796,0.9835555555555555,0.06863775253295898,0.9786666666666667
classic,SGD,0.01,0.9,73,SGD lr=0.01 m=0.9,7,0.047393956952072956,0.9853518518518518,0.0641485939025879,0.9805
classic,SGD,0.01,0.9,73,SGD lr=0.01 m=0.9,8,0.04211016144686275,0.9875185185185186,0.0542742551167806,0.984
classic,SGD,0.01,0.9,73,SGD lr=0.01 m=0.9,9,0.038354406152610425,0.988462962962963,0.053512542724609376,0.9835
classic,SGD,0.01,0.9,73,SGD lr=0.01 m=0.9,10,0.03517630872792668,0.989462962962963,0.05323422495524088,0.9836666666666667
classic,SGD,0.01,0.9,73,SGD lr=0.01 m=0.9,11,0.03217285343176789,0.9904259259259259,0.0524924914042155,0.9836666666666667
classic,SGD,0.01,0.9,73,SGD lr=0.01 m=0.9,12,0.029611888022334488,0.9910925925925926,0.0528219731648763,0.9828333333333333
classic,SGD,0.01,0.9,73,SGD lr=0.01 m=0.9,13,0.02769897835784488,0.9919074074074075,0.043490739186604815,0.987
classic,SGD,0.01,0.9,73,SGD lr=0.01 m=0.9,14,0.02528695161419886,0.9927222222222222,0.04499611409505208,0.9865
classic,SGD,0.01,0.9,73,SGD lr=0.01 m=0.9,15,0.023326988635239777,0.9932592592592593,0.047452098846435545,0.9853333333333333
classic,SGD,0.1,0.0,37,SGD lr=0.1 m=0,1,0.5817222472738337,0.8487962962962963,0.238602300008138,0.9306666666666666
classic,SGD,0.1,0.0,37,SGD lr=0.1 m=0,2,0.16314957264176122,0.9532407407407407,0.131859619140625,0.96
classic,SGD,0.1,0.0,37,SGD lr=0.1 m=0,3,0.09967980915639135,0.9714259259259259,0.09471238454182943,0.9706666666666667
classic,SGD,0.1,0.0,37,SGD lr=0.1 m=0,4,0.07423074379563331,0.9782962962962963,0.07744626871744792,0.9758333333333333
classic,SGD,0.1,0.0,37,SGD lr=0.1 m=0,5,0.06104805869747091,0.981925925925926,0.06375289916992187,0.98
classic,SGD,0.1,0.0,37,SGD lr=0.1 m=0,6,0.052081682287432526,0.9846666666666667,0.05799114990234375,0.9816666666666667
classic,SGD,0.1,0.0,37,SGD lr=0.1 m=0,7,0.04632406399426637,0.9861666666666666,0.058159627278645834,0.9815
classic,SGD,0.1,0.0,37,SGD lr=0.1 m=0,8,0.04129592877626419,0.9878888888888889,0.04908319981892904,0.9836666666666667
classic,SGD,0.1,0.0,37,SGD lr=0.1 m=0,9,0.037342674342018586,0.989,0.05965703837076823,0.9828333333333333
classic,SGD,0.1,0.0,37,SGD lr=0.1 m=0,10,0.03400781614912881,0.9898703703703704,0.04267842483520508,0.9865
classic,SGD,0.1,0.0,37,SGD lr=0.1 m=0,11,0.031685432758044314,0.9907037037037038,0.05372545878092448,0.9823333333333333
classic,SGD,0.1,0.0,37,SGD lr=0.1 m=0,12,0.02900239824641634,0.9912962962962963,0.041990726470947266,0.9861666666666666
classic,SGD,0.1,0.0,37,SGD lr=0.1 m=0,13,0.027342991074064262,0.9917222222222222,0.03895334752400716,0.9875
classic,SGD,0.1,0.0,37,SGD lr=0.1 m=0,14,0.0251643465111653,0.9928333333333333,0.03909182612101237,0.9871666666666666
classic,SGD,0.1,0.0,37,SGD lr=0.1 m=0,15,0.022882253854914946,0.9933148148148148,0.03709168561299642,0.987
classic,SGD,0.1,0.0,42,SGD lr=0.1 m=0,1,0.5659223657095874,0.8481111111111111,0.24363407389322916,0.9286666666666666
classic,SGD,0.1,0.0,42,SGD lr=0.1 m=0,2,0.1694470196255931,0.95,0.1349584757486979,0.9583333333333334
classic,SGD,0.1,0.0,42,SGD lr=0.1 m=0,3,0.10104999054361273,0.9693703703703703,0.09639081064860026,0.9721666666666666
classic,SGD,0.1,0.0,42,SGD lr=0.1 m=0,4,0.07414277917588198,0.9781296296296297,0.08073208363850912,0.975
classic,SGD,0.1,0.0,42,SGD lr=0.1 m=0,5,0.06113118386489374,0.9815925925925926,0.07040160751342774,0.976
classic,SGD,0.1,0.0,42,SGD lr=0.1 m=0,6,0.05246695686021337,0.9841481481481481,0.062178916931152343,0.9798333333333333
classic,SGD,0.1,0.0,42,SGD lr=0.1 m=0,7,0.04583369287186199,0.9867037037037037,0.0636833012898763,0.98
classic,SGD,0.1,0.0,42,SGD lr=0.1 m=0,8,0.04151265502693476,0.9876481481481482,0.051338830312093096,0.9833333333333333
classic,SGD,0.1,0.0,42,SGD lr=0.1 m=0,9,0.0377033919316751,0.9889444444444444,0.05113030751546224,0.9833333333333333
classic,SGD,0.1,0.0,42,SGD lr=0.1 m=0,10,0.034273340684948146,0.9896851851851852,0.04724922561645508,0.9843333333333333
classic,SGD,0.1,0.0,42,SGD lr=0.1 m=0,11,0.03202059902747472,0.9904074074074074,0.04892922973632813,0.9848333333333333
classic,SGD,0.1,0.0,42,SGD lr=0.1 m=0,12,0.029504277265734142,0.9915185185185185,0.04850797017415365,0.985
classic,SGD,0.1,0.0,42,SGD lr=0.1 m=0,13,0.027503661816870726,0.9916296296296296,0.04380614471435547,0.9855
classic,SGD,0.1,0.0,42,SGD lr=0.1 m=0,14,0.02590371590135274,0.9925,0.046870223999023436,0.9846666666666667
classic,SGD,0.1,0.0,42,SGD lr=0.1 m=0,15,0.02383191769639099,0.9929629629629629,0.0408237787882487,0.986
classic,SGD,0.1,0.0,73,SGD lr=0.1 m=0,1,0.5582358720523339,0.845574074074074,0.2260768330891927,0.9328333333333333
classic,SGD,0.1,0.0,73,SGD lr=0.1 m=0,2,0.15810378961651414,0.9535740740740741,0.14336438496907553,0.9583333333333334
classic,SGD,0.1,0.0,73,SGD lr=0.1 m=0,3,0.1000517427391476,0.9701111111111111,0.10104739888509115,0.969
classic,SGD,0.1,0.0,73,SGD lr=0.1 m=0,4,0.07663063766338207,0.9772222222222222,0.08011186981201172,0.9756666666666667
classic,SGD,0.1,0.0,73,SGD lr=0.1 m=0,5,0.06273941825385447,0.9811296296296297,0.07379179382324219,0.9751666666666666
classic,SGD,0.1,0.0,73,SGD lr=0.1 m=0,6,0.054279330156467576,0.9835185185185186,0.06772901916503907,0.9795
classic,SGD,0.1,0.0,73,SGD lr=0.1 m=0,7,0.047666186354226536,0.9855925925925926,0.059667976379394534,0.9803333333333333
classic,SGD,0.1,0.0,73,SGD lr=0.1 m=0,8,0.042750607221766754,0.9872407407407408,0.057647045135498044,0.982
classic,SGD,0.1,0.0,73,SGD lr=0.1 m=0,9,0.038665317440474474,0.9883148148148149,0.05502400207519531,0.9838333333333333
classic,SGD,0.1,0.0,73,SGD lr=0.1 m=0,10,0.035133231807638096,0.9897037037037038,0.05503935623168945,0.9826666666666667
classic,SGD,0.1,0.0,73,SGD lr=0.1 m=0,11,0.032298052297698124,0.9903703703703703,0.04608252970377604,0.9846666666666667
classic,SGD,0.1,0.0,73,SGD lr=0.1 m=0,12,0.02921416258756761,0.9912037037037037,0.048535418192545574,0.9843333333333333
classic,SGD,0.1,0.0,73,SGD lr=0.1 m=0,13,0.02748753849334187,0.9919259259259259,0.04418121973673503,0.9861666666666666
classic,SGD,0.1,0.0,73,SGD lr=0.1 m=0,14,0.025225914324047388,0.9924814814814815,0.04458320871988932,0.9865
classic,SGD,0.1,0.0,73,SGD lr=0.1 m=0,15,0.023818400899293247,0.9925185185185185,0.048498102823893226,0.9846666666666667
classic,SGD,0.1,0.5,37,SGD lr=0.1 m=0.5,1,0.3971156765928975,0.8927777777777778,0.13953904215494792,0.9576666666666667
classic,SGD,0.1,0.5,37,SGD lr=0.1 m=0.5,2,0.09543057679909248,0.9720740740740741,0.07895317077636718,0.9758333333333333
classic,SGD,0.1,0.5,37,SGD lr=0.1 m=0.5,3,0.06476373311711682,0.9812962962962963,0.06778764851888021,0.9783333333333334
classic,SGD,0.1,0.5,37,SGD lr=0.1 m=0.5,4,0.051019572054070456,0.9846296296296296,0.05613160578409831,0.9815
classic,SGD,0.1,0.5,37,SGD lr=0.1 m=0.5,5,0.042495039546379336,0.987037037037037,0.04943722407023112,0.985
classic,SGD,0.1,0.5,37,SGD lr=0.1 m=0.5,6,0.036226831117713895,0.9892777777777778,0.04624933242797852,0.9846666666666667
classic,SGD,0.1,0.5,37,SGD lr=0.1 m=0.5,7,0.03189959643615617,0.9903888888888889,0.04475550715128581,0.9851666666666666
classic,SGD,0.1,0.5,37,SGD lr=0.1 m=0.5,8,0.027748123180811053,0.9916481481481482,0.04181051254272461,0.987
classic,SGD,0.1,0.5,37,SGD lr=0.1 m=0.5,9,0.02511387896813728,0.9924814814814815,0.04569011561075846,0.9863333333333333
classic,SGD,0.1,0.5,37,SGD lr=0.1 m=0.5,10,0.02165143467651473,0.9933518518518518,0.0403664067586263,0.9868333333333333
classic,SGD,0.1,0.5,37,SGD lr=0.1 m=0.5,11,0.020554632019941455,0.9936111111111111,0.042075305938720706,0.9858333333333333
classic,SGD,0.1,0.5,37,SGD lr=0.1 m=0.5,12,0.017748699730469122,0.9946666666666667,0.041416297912597655,0.9855
classic,SGD,0.1,0.5,37,SGD lr=0.1 m=0.5,13,0.01648176794423273,0.9951481481481481,0.037401655832926435,0.989
classic,SGD,0.1,0.5,37,SGD lr=0.1 m=0.5,14,0.01408465355793359,0.9962037037037037,0.03817825571695964,0.988
classic,SGD,0.1,0.5,37,SGD lr=0.1 m=0.5,15,0.012391401677081982,0.9967592592592592,0.036984088897705075,0.9866666666666667
classic,SGD,0.1,0.5,42,SGD lr=0.1 m=0.5,1,0.3920325416105765,0.8899814814814815,0.1454642333984375,0.954
classic,SGD,0.1,0.5,42,SGD lr=0.1 m=0.5,2,0.09865834864642885,0.9706666666666667,0.09228429667154948,0.9698333333333333
classic,SGD,0.1,0.5,42,SGD lr=0.1 m=0.5,3,0.06500420838373679,0.98,0.06951802825927735,0.9775
classic,SGD,0.1,0.5,42,SGD lr=0.1 m=0.5,4,0.05074189293163794,0.9847592592592592,0.0630308354695638,0.981
classic,SGD,0.1,0.5,42,SGD lr=0.1 m=0.5,5,0.043062096669166175,0.9867592592592592,0.058272621154785154,0.9818333333333333
classic,SGD,0.1,0.5,42,SGD lr=0.1 m=0.5,6,0.03735471707534183,0.9883703703703703,0.051457332611083983,0.9838333333333333
classic,SGD,0.1,0.5,42,SGD lr=0.1 m=0.5,7,0.03216542114207038,0.9908888888888889,0.04553264999389649,0.9851666666666666
classic,SGD,0.1,0.5,42,SGD lr=0.1 m=0.5,8,0.02883084767849909,0.9912962962962963,0.046154972076416015,0.9846666666666667
classic,SGD,0.1,0.5,42,SGD lr=0.1 m=0.5,9,0.02597201863538336,0.9922962962962963,0.0472225824991862,0.9855
classic,SGD,0.1,0.5,42,SGD lr=0.1 m=0.5,10,0.022362309220764372,0.9930555555555556,0.039543164571126305,0.9871666666666666
classic,SGD,0.1,0.5,42,SGD lr=0.1 m=0.5,11,0.020511611950894196,0.9937962962962963,0.04354405721028646,0.986
classic,SGD,0.1,0.5,42,SGD lr=0.1 m=0.5,12,0.018223631691049645,0.9947962962962963,0.04579694239298503,0.9866666666666667
classic,SGD,0.1,0.5,42,SGD lr=0.1 m=0.5,13,0.01679171256803804,0.9950185185185185,0.039798255920410155,0.988
classic,SGD,0.1,0.5,42,SGD lr=0.1 m=0.5,14,0.015204214964751843,0.9957407407407407,0.04078259658813477,0.9878333333333333
classic,SGD,0.1,0.5,42,SGD lr=0.1 m=0.5,15,0.01371531804651022,0.9959814814814815,0.038796140670776365,0.9866666666666667
classic,SGD,0.1,0.5,73,SGD lr=0.1 m=0.5,1,0.3827547829736162,0.8897777777777778,0.14384552001953124,0.9546666666666667
classic,SGD,0.1,0.5,73,SGD lr=0.1 m=0.5,2,0.09993504030009111,0.9702037037037037,0.10964651234944661,0.9643333333333334
classic,SGD,0.1,0.5,73,SGD lr=0.1 m=0.5,3,0.06735362479532206,0.9802222222222222,0.08083707936604818,0.9738333333333333
classic,SGD,0.1,0.5,73,SGD lr=0.1 m=0.5,4,0.0534268342797403,0.9832222222222222,0.05810841623942057,0.9818333333333333
classic,SGD,0.1,0.5,73,SGD lr=0.1 m=0.5,5,0.04413785786871557,0.9865185185185186,0.058301874796549476,0.9816666666666667
classic,SGD,0.1,0.5,73,SGD lr=0.1 m=0.5,6,0.03788559518478535,0.9880185185185185,0.055441571553548175,0.9835
classic,SGD,0.1,0.5,73,SGD lr=0.1 m=0.5,7,0.03278054335051113,0.989574074074074,0.04711569341023763,0.985
classic,SGD,0.1,0.5,73,SGD lr=0.1 m=0.5,8,0.029488608220109232,0.9908888888888889,0.05211357625325521,0.9841666666666666
classic,SGD,0.1,0.5,73,SGD lr=0.1 m=0.5,9,0.025980685537887942,0.9917592592592592,0.04327866617838542,0.9868333333333333
classic,SGD,0.1,0.5,73,SGD lr=0.1 m=0.5,10,0.022389250000869786,0.9933703703703703,0.04984484100341797,0.985
classic,SGD,0.1,0.5,73,SGD lr=0.1 m=0.5,11,0.021059134746246315,0.9932962962962963,0.04306542714436849,0.9868333333333333
classic,SGD,0.1,0.5,73,SGD lr=0.1 m=0.5,12,0.018048863928351137,0.9945925925925926,0.042387044270833334,0.9868333333333333
classic,SGD,0.1,0.5,73,SGD lr=0.1 m=0.5,13,0.016555391157390895,0.9947777777777778,0.04112353515625,0.9875
classic,SGD,0.1,0.5,73,SGD lr=0.1 m=0.5,14,0.01522776673472038,0.9955555555555555,0.0417604611714681,0.9868333333333333
classic,SGD,0.1,0.5,73,SGD lr=0.1 m=0.5,15,0.012885131321847439,0.9965185185185185,0.04426957702636719,0.9853333333333333
classic,SGD,0.1,0.9,37,SGD lr=0.1 m=0.9,1,0.25116640215284297,0.9257777777777778,0.09891280619303386,0.9691666666666666
classic,SGD,0.1,0.9,37,SGD lr=0.1 m=0.9,2,0.06587941514065972,0.9802962962962963,0.07057294972737631,0.978
classic,SGD,0.1,0.9,37,SGD lr=0.1 m=0.9,3,0.04781574235773749,0.9857222222222223,0.058650346120198565,0.9805
classic,SGD,0.1,0.9,37,SGD lr=0.1 m=0.9,4,0.03634973949856228,0.9889629629629629,0.05523055648803711,0.9823333333333333
classic,SGD,0.1,0.9,37,SGD lr=0.1 m=0.9,5,0.02875214854572658,0.9911111111111112,0.050449895222981773,0.9858333333333333
classic,SGD,0.1,0.9,37,SGD lr=0.1 m=0.9,6,0.021190451988743413,0.9933518518518518,0.05713716634114583,0.9833333333333333
classic,SGD,0.1,0.9,37,SGD lr=0.1 m=0.9,7,0.017396652392491146,0.9943888888888889,0.05539103062947591,0.984
classic,SGD,0.1,0.9,37,SGD lr=0.1 m=0.9,8,0.01371572822942916,0.996,0.04648309834798177,0.9853333333333333
classic,SGD,0.1,0.9,37,SGD lr=0.1 m=0.9,9,0.011708962271714377,0.9962962962962963,0.04400863838195801,0.9868333333333333
classic,SGD,0.1,0.9,37,SGD lr=0.1 m=0.9,10,0.0087661397723757,0.9975,0.04627831268310547,0.987
classic,SGD,0.1,0.9,37,SGD lr=0.1 m=0.9,11,0.007244184462215614,0.9978703703703704,0.056059851328531904,0.9853333333333333
classic,SGD,0.1,0.9,37,SGD lr=0.1 m=0.9,12,0.004763443723976336,0.9987037037037036,0.05111260732014974,0.9856666666666667
classic,SGD,0.1,0.9,37,SGD lr=0.1 m=0.9,13,0.003695921787224641,0.9989814814814815,0.04894416936238607,0.9881666666666666
classic,SGD,0.1,0.9,37,SGD lr=0.1 m=0.9,14,0.0021464115124566617,0.9995740740740741,0.04399700546264648,0.9875
classic,SGD,0.1,0.9,37,SGD lr=0.1 m=0.9,15,0.0018096866130018262,0.9996111111111111,0.04424563980102539,0.9878333333333333
classic,SGD,0.1,0.9,42,SGD lr=0.1 m=0.9,1,0.250554337122926,0.9232222222222223,0.09432395426432291,0.9711666666666666
classic,SGD,0.1,0.9,42,SGD lr=0.1 m=0.9,2,0.06998737457284221,0.9789629629629629,0.07776647694905599,0.976
classic,SGD,0.1,0.9,42,SGD lr=0.1 m=0.9,3,0.048759620248995446,0.9848148148148148,0.08578665669759114,0.9748333333333333
classic,SGD,0.1,0.9,42,SGD lr=0.1 m=0.9,4,0.034562401932974655,0.9888148148148148,0.05636341349283854,0.9838333333333333
classic,SGD,0.1,0.9,42,SGD lr=0.1 m=0.9,5,0.027693919917775527,0.9911481481481481,0.05592978795369466,0.9823333333333333
classic,SGD,0.1,0.9,42,SGD lr=0.1 m=0.9,6,0.024263194668900083,0.9918518518518519,0.06567782974243164,0.9805
classic,SGD,0.1,0.9,42,SGD lr=0.1 m=0.9,7,0.018002686948756928,0.994,0.05629615275065104,0.9848333333333333
classic,SGD,0.1,0.9,42,SGD lr=0.1 m=0.9,8,0.016405337360584072,0.994574074074074,0.06398633321126303,0.983
classic,SGD,0.1,0.9,42,SGD lr=0.1 m=0.9,9,0.010946568914447669,0.9965925925925926,0.05199084091186523,0.984
classic,SGD,0.1,0.9,42,SGD lr=0.1 m=0.9,10,0.009081273198300214,0.9972592592592593,0.05361630884806315,0.9861666666666666
classic,SGD,0.1,0.9,42,SGD lr=0.1 m=0.9,11,0.00713387993561035,0.9977037037037036,0.05373390324910482,0.9861666666666666
classic,SGD,0.1,0.9,42,SGD lr=0.1 m=0.9,12,0.005661360282933822,0.9983518518518518,0.06614627329508463,0.9846666666666667
classic,SGD,0.1,0.9,42,SGD lr=0.1 m=0.9,13,0.0054394340894391964,0.9983333333333333,0.05925160853068034,0.9851666666666666
classic,SGD,0.1,0.9,42,SGD lr=0.1 m=0.9,14,0.0047558378008953125,0.9986111111111111,0.05546119944254557,0.9885
classic,SGD,0.1,0.9,42,SGD lr=0.1 m=0.9,15,0.0028964333086429783,0.9992777777777778,0.05309758758544922,0.9885
classic,SGD,0.1,0.9,73,SGD lr=0.1 m=0.9,1,0.25013251930695996,0.9235185185185185,0.10486287943522135,0.969
classic,SGD,0.1,0.9,73,SGD lr=0.1 m=0.9,2,0.07226194246058111,0.9780555555555556,0.07776191965738932,0.9751666666666666
classic,SGD,0.1,0.9,73,SGD lr=0.1 m=0.9,3,0.04799780514836311,0.9852962962962963,0.05871043523152669,0.9805
classic,SGD,0.1,0.9,73,SGD lr=0.1 m=0.9,4,0.03543214766626005,0.9884259259259259,0.054865348815917966,0.9835
classic,SGD,0.1,0.9,73,SGD lr=0.1 m=0.9,5,0.028893018106067623,0.9907037037037038,0.05987552261352539,0.9811666666666666
classic,SGD,0.1,0.9,73,SGD lr=0.1 m=0.9,6,0.022927450662685766,0.9925555555555555,0.06302194213867188,0.981
classic,SGD,0.1,0.9,73,SGD lr=0.1 m=0.9,7,0.017554875596529906,0.9943518518518518,0.053298666636149086,0.9833333333333333
classic,SGD,0.1,0.9,73,SGD lr=0.1 m=0.9,8,0.013794779054820537,0.9956851851851852,0.04230370966593425,0.9881666666666666
classic,SGD,0.1,0.9,73,SGD lr=0.1 m=0.9,9,0.010028374145669794,0.9970740740740741,0.046278380076090496,0.9871666666666666
classic,SGD,0.1,0.9,73,SGD lr=0.1 m=0.9,10,0.011380227142841452,0.9963333333333333,0.0539597536722819,0.9863333333333333
classic,SGD,0.1,0.9,73,SGD lr=0.1 m=0.9,11,0.007938040130288789,0.997462962962963,0.048958691914876305,0.9871666666666666
classic,SGD,0.1,0.9,73,SGD lr=0.1 m=0.9,12,0.0060869611680197215,0.9982777777777778,0.0549312629699707,0.9868333333333333
classic,SGD,0.1,0.9,73,SGD lr=0.1 m=0.9,13,0.005204146260568113,0.9983888888888889,0.054673791249593096,0.9873333333333333
classic,SGD,0.1,0.9,73,SGD lr=0.1 m=0.9,14,0.002788520486318265,0.9991851851851852,0.055285906473795575,0.989
classic,SGD,0.1,0.9,73,SGD lr=0.1 m=0.9,15,0.0019026209487648749,0.9996111111111111,0.05549567540486654,0.9883333333333333
classic,Adam,0.0001,,37,Adam lr=0.0001,1,1.161771454139992,0.7450740740740741,0.5510139363606771,0.8695
classic,Adam,0.0001,,37,Adam lr=0.0001,2,0.41687370598757706,0.8936481481481482,0.34785946655273436,0.904
classic,Adam,0.0001,,37,Adam lr=0.0001,3,0.2929526886189425,0.9177777777777778,0.26865267944335935,0.9241666666666667
classic,Adam,0.0001,,37,Adam lr=0.0001,4,0.22879226644833883,0.9350555555555555,0.22184452819824219,0.9331666666666667
classic,Adam,0.0001,,37,Adam lr=0.0001,5,0.18394449132239377,0.9472777777777778,0.18215836079915365,0.9463333333333334
classic,Adam,0.0001,,37,Adam lr=0.0001,6,0.15018168454037772,0.956574074074074,0.15530222574869793,0.951
classic,Adam,0.0001,,37,Adam lr=0.0001,7,0.1258474662789592,0.963925925925926,0.13136698913574218,0.9581666666666667
classic,Adam,0.0001,,37,Adam lr=0.0001,8,0.10704999597646572,0.9693888888888889,0.11628474171956381,0.9631666666666666
classic,Adam,0.0001,,37,Adam lr=0.0001,9,0.09358869960131469,0.9734444444444444,0.10286092376708984,0.967
classic,Adam,0.0001,,37,Adam lr=0.0001,10,0.08290365398371662,0.9762222222222222,0.09165137736002604,0.9718333333333333
classic,Adam,0.0001,,37,Adam lr=0.0001,11,0.07480786742214804,0.9782777777777778,0.08457608286539714,0.9728333333333333
classic,Adam,0.0001,,37,Adam lr=0.0001,12,0.06792085568110148,0.9799814814814815,0.07968790435791015,0.9751666666666666
classic,Adam,0.0001,,37,Adam lr=0.0001,13,0.06230200952898573,0.9812222222222222,0.07267729187011719,0.9765
classic,Adam,0.0001,,37,Adam lr=0.0001,14,0.057566434537371,0.9834259259259259,0.06905966313680013,0.9776666666666667
classic,Adam,0.0001,,37,Adam lr=0.0001,15,0.053533238619565965,0.9840740740740741,0.06426445770263672,0.9783333333333334
classic,Adam,0.0001,,42,Adam lr=0.0001,1,1.1580575387036358,0.7359074074074075,0.549919189453125,0.8731666666666666
classic,Adam,0.0001,,42,Adam lr=0.0001,2,0.41713813803814076,0.8943518518518518,0.3449989013671875,0.906
classic,Adam,0.0001,,42,Adam lr=0.0001,3,0.29379683588169236,0.9187777777777778,0.2676254170735677,0.9245
classic,Adam,0.0001,,42,Adam lr=0.0001,4,0.22901422786712647,0.9344074074074074,0.21510785929361978,0.9383333333333334
classic,Adam,0.0001,,42,Adam lr=0.0001,5,0.18374932958903137,0.9463148148148148,0.1785490976969401,0.9465
classic,Adam,0.0001,,42,Adam lr=0.0001,6,0.15002598337553166,0.9566666666666667,0.15009945170084635,0.954
classic,Adam,0.0001,,42,Adam lr=0.0001,7,0.1250108782671116,0.9638148148148148,0.1292267608642578,0.9615
classic,Adam,0.0001,,42,Adam lr=0.0001,8,0.10664174308931386,0.9686851851851852,0.11367991383870443,0.9648333333333333
classic,Adam,0.0001,,42,Adam lr=0.0001,9,0.09273188325431612,0.9731296296296297,0.09990907033284505,0.9688333333333333
classic,Adam,0.0001,,42,Adam lr=0.0001,10,0.08234587261853395,0.9758518518518519,0.09089309692382813,0.9723333333333334
classic,Adam,0.0001,,42,Adam lr=0.0001,11,0.073899665331399,0.9784814814814815,0.08509611256917318,0.9728333333333333
classic,Adam,0.0001,,42,Adam lr=0.0001,12,0.06745496317744255,0.9803333333333333,0.07975282033284505,0.9756666666666667
classic,Adam,0.0001,,42,Adam lr=0.0001,13,0.061693991903905517,0.9819629629629629,0.07423819732666016,0.976
classic,Adam,0.0001,,42,Adam lr=0.0001,14,0.05734194208736773,0.9830740740740741,0.07059521865844727,0.9785
classic,Adam,0.0001,,42,Adam lr=0.0001,15,0.05333674820871265,0.9842777777777778,0.0660257568359375,0.9785
classic,Adam,0.0001,,73,Adam lr=0.0001,1,1.1416448730362787,0.7287962962962963,0.5290051879882812,0.8728333333333333
classic,Adam,0.0001,,73,Adam lr=0.0001,2,0.403839877349359,0.8943703703703704,0.3367287801106771,0.9056666666666666
classic,Adam,0.0001,,73,Adam lr=0.0001,3,0.2860589161713918,0.9196851851851852,0.26348223876953125,0.9246666666666666
classic,Adam,0.0001,,73,Adam lr=0.0001,4,0.22659380798869663,0.9350185185185185,0.21758966064453125,0.9346666666666666
classic,Adam,0.0001,,73,Adam lr=0.0001,5,0.18564018916200709,0.945962962962963,0.18404723103841145,0.9443333333333334
classic,Adam,0.0001,,73,Adam lr=0.0001,6,0.15558196160528395,0.9544074074074074,0.1599746602376302,0.951
classic,Adam,0.0001,,73,Adam lr=0.0001,7,0.13287514430946773,0.9610555555555556,0.14083737182617187,0.9578333333333333
classic,Adam,0.0001,,73,Adam lr=0.0001,8,0.11527340948581695,0.9660925925925926,0.12457066853841146,0.9605
classic,Adam,0.0001,,73,Adam lr=0.0001,9,0.10140325027041965,0.9703333333333334,0.11452223968505859,0.9635
classic,Adam,0.0001,,73,Adam lr=0.0001,10,0.09066476925876406,0.9735,0.10392123413085938,0.967
classic,Adam,0.0001,,73,Adam lr=0.0001,11,0.08148278309570418,0.976574074074074,0.09641951497395833,0.9701666666666666
classic,Adam,0.0001,,73,Adam lr=0.0001,12,0.07403646526844414,0.9783148148148149,0.08817352803548177,0.971
classic,Adam,0.0001,,73,Adam lr=0.0001,13,0.06770353756789808,0.9808148148148148,0.08182298024495442,0.9743333333333334
classic,Adam,0.0001,,73,Adam lr=0.0001,14,0.0623537035341616,0.9821851851851852,0.07703299458821615,0.9753333333333334
classic,Adam,0.0001,,73,Adam lr=0.0001,15,0.05776619324088097,0.9837407407407407,0.07332228597005208,0.9766666666666667
classic,Adam,0.001,,37,Adam lr=0.001,1,0.3446460567723822,0.9053148148148148,0.13330799357096354,0.9585
classic,Adam,0.001,,37,Adam lr=0.001,2,0.0866831976627862,0.9738703703703704,0.07376770528157552,0.9765
classic,Adam,0.001,,37,Adam lr=0.001,3,0.05760775999807649,0.9827037037037037,0.06301303990681967,0.9793333333333333
classic,Adam,0.001,,37,Adam lr=0.001,4,0.04367190537767278,0.9867777777777778,0.060610029856363934,0.9803333333333333
classic,Adam,0.001,,37,Adam lr=0.001,5,0.03721398494751365,0.9883703703703703,0.05881769561767578,0.9805
classic,Adam,0.001,,37,Adam lr=0.001,6,0.02895969456130708,0.9910740740740741,0.051379288991292314,0.9833333333333333
classic,Adam,0.001,,37,Adam lr=0.001,7,0.023391144388251836,0.9930925925925926,0.0495105578104655,0.9833333333333333
classic,Adam,0.001,,37,Adam lr=0.001,8,0.01991332120834677,0.994037037037037,0.04841537348429362,0.9855
classic,Adam,0.001,,37,Adam lr=0.001,9,0.017992132326932968,0.9945555555555555,0.04528473027547201,0.985
classic,Adam,0.001,,37,Adam lr=0.001,10,0.01375209216400981,0.9959444444444444,0.046088485717773436,0.9853333333333333
classic,Adam,0.001,,37,Adam lr=0.001,11,0.013167506485349601,0.9959629629629629,0.048041366577148435,0.9853333333333333
classic,Adam,0.001,,37,Adam lr=0.001,12,0.010690706586534227,0.9969814814814815,0.055232290903727214,0.985
classic,Adam,0.001,,37,Adam lr=0.001,13,0.009436183929771047,0.997037037037037,0.05151293818155925,0.9855
classic,Adam,0.001,,37,Adam lr=0.001,14,0.009904582018834642,0.9971111111111111,0.050831788380940754,0.9868333333333333
classic,Adam,0.001,,37,Adam lr=0.001,15,0.010550511876500591,0.9965925925925926,0.044511849721272784,0.9871666666666666
classic,Adam,0.001,,42,Adam lr=0.001,1,0.3443234559120955,0.9043518518518519,0.12741766357421874,0.9598333333333333
classic,Adam,0.001,,42,Adam lr=0.001,2,0.08878537293716714,0.9733888888888889,0.08458749643961588,0.9725
classic,Adam,0.001,,42,Adam lr=0.001,3,0.057994797693358524,0.9817407407407407,0.07038468170166015,0.9785
classic,Adam,0.001,,42,Adam lr=0.001,4,0.04401477800695985,0.9864074074074074,0.05928992080688476,0.98
classic,Adam,0.001,,42,Adam lr=0.001,5,0.035667122979406954,0.9889629629629629,0.05360155995686849,0.982
classic,Adam,0.001,,42,Adam lr=0.001,6,0.031044677389233753,0.9902592592592593,0.06055651601155599,0.982
classic,Adam,0.001,,42,Adam lr=0.001,7,0.02487380088644999,0.9926296296296296,0.050583684285481774,0.9833333333333333
classic,Adam,0.001,,42,Adam lr=0.001,8,0.02128138844365323,0.9928148148148148,0.056066744486490884,0.9828333333333333
classic,Adam,0.001,,42,Adam lr=0.001,9,0.017082745816282652,0.9949259259259259,0.05375444539388021,0.9835
classic,Adam,0.001,,42,Adam lr=0.001,10,0.014666078741696698,0.9953333333333333,0.05403283437093099,0.9851666666666666
classic,Adam,0.001,,42,Adam lr=0.001,11,0.013532127132708276,0.9960185185185185,0.05427445983886719,0.9855
classic,Adam,0.001,,42,Adam lr=0.001,12,0.012750843863520357,0.9961111111111111,0.051751729329427086,0.9855
classic,Adam,0.001,,42,Adam lr=0.001,13,0.010146387157547804,0.9968148148148148,0.05457056427001953,0.9831666666666666
classic,Adam,0.001,,42,Adam lr=0.001,14,0.010073539787041093,0.9969074074074074,0.057248531341552736,0.9831666666666666
classic,Adam,0.001,,42,Adam lr=0.001,15,0.009137435265057893,0.9971296296296296,0.0500275281270345,0.9873333333333333
classic,Adam,0.001,,73,Adam lr=0.001,1,0.3423514610628287,0.9065555555555556,0.1383184356689453,0.956
classic,Adam,0.001,,73,Adam lr=0.001,2,0.09481692008618955,0.9721851851851852,0.08770574188232422,0.9703333333333334
classic,Adam,0.001,,73,Adam lr=0.001,3,0.0609329060404389,0.9817222222222223,0.06620904541015625,0.9793333333333333
classic,Adam,0.001,,73,Adam lr=0.001,4,0.047196245814363165,0.9852777777777778,0.05746298217773437,0.9821666666666666
classic,Adam,0.001,,73,Adam lr=0.001,5,0.03737595562057363,0.9886111111111111,0.05671964772542318,0.9835
classic,Adam,0.001,,73,Adam lr=0.001,6,0.0325074322466497,0.9899444444444444,0.056355814615885416,0.9836666666666667
classic,Adam,0.001,,73,Adam lr=0.001,7,0.024896969598200588,0.992574074074074,0.05535689798990885,0.9831666666666666
classic,Adam,0.001,,73,Adam lr=0.001,8,0.021789159701930152,0.9931851851851852,0.05280845260620117,0.984
classic,Adam,0.001,,73,Adam lr=0.001,9,0.019116683289684633,0.9942592592592593,0.055332557678222656,0.984
classic,Adam,0.001,,73,Adam lr=0.001,10,0.01506689654138905,0.9955555555555555,0.05923907470703125,0.9825
classic,Adam,0.001,,73,Adam lr=0.001,11,0.013348440127240287,0.9956296296296296,0.0522818349202474,0.9843333333333333
classic,Adam,0.001,,73,Adam lr=0.001,12,0.011886707167658541,0.9962777777777778,0.054168173472086585,0.986
classic,Adam,0.001,,73,Adam lr=0.001,13,0.010865433037970905,0.9965925925925926,0.04550263277689616,0.9858333333333333
classic,Adam,0.001,,73,Adam lr=0.001,14,0.0072312259747198335,0.9979814814814815,0.05560633341471354,0.985
classic,Adam,0.001,,73,Adam lr=0.001,15,0.010652035340666772,0.9960925925925926,0.05811427561442057,0.9841666666666666
classic,Adam,0.003,,37,Adam lr=0.003,1,0.22310975527708177,0.9330185185185185,0.10148831939697266,0.9673333333333334
classic,Adam,0.003,,37,Adam lr=0.003,2,0.06907344091048948,0.9794444444444445,0.07100488789876302,0.976
classic,Adam,0.003,,37,Adam lr=0.003,3,0.04877275524095253,0.9855925925925926,0.06844244511922201,0.9786666666666667
classic,Adam,0.003,,37,Adam lr=0.003,4,0.04145066813572689,0.9869074074074075,0.06378440221150716,0.9816666666666667
classic,Adam,0.003,,37,Adam lr=0.003,5,0.03644639345065311,0.9882222222222222,0.0509728749593099,0.983
classic,Adam,0.003,,37,Adam lr=0.003,6,0.02942108069581014,0.9906296296296296,0.05424006144205729,0.9838333333333333
classic,Adam,0.003,,37,Adam lr=0.003,7,0.025185042451653216,0.9920185185185185,0.057245635986328126,0.9811666666666666
classic,Adam,0.003,,37,Adam lr=0.003,8,0.025468082900935163,0.9917037037037038,0.05407847849527995,0.9843333333333333
classic,Adam,0.003,,37,Adam lr=0.003,9,0.026149901088189195,0.9916296296296296,0.05107647069295247,0.9868333333333333
classic,Adam,0.003,,37,Adam lr=0.003,10,0.02100341798434103,0.9932777777777778,0.05753360112508138,0.9843333333333333
classic,Adam,0.003,,37,Adam lr=0.003,11,0.02006628458160493,0.9936666666666667,0.04977260716756185,0.9861666666666666
classic,Adam,0.003,,37,Adam lr=0.003,12,0.020423158652804516,0.9932777777777778,0.08599214172363281,0.9768333333333333
classic,Adam,0.003,,37,Adam lr=0.003,13,0.01942654554683853,0.993537037037037,0.06527704238891602,0.9835
classic,Adam,0.003,,37,Adam lr=0.003,14,0.018881355256532076,0.9937592592592592,0.06789477411905924,0.9833333333333333
classic,Adam,0.003,,37,Adam lr=0.003,15,0.02063392516060008,0.9928333333333333,0.05602918243408203,0.9845
classic,Adam,0.003,,42,Adam lr=0.003,1,0.22009677772831035,0.9347592592592593,0.09593688456217447,0.9696666666666667
classic,Adam,0.003,,42,Adam lr=0.003,2,0.07094434732198715,0.9787777777777777,0.0843867950439453,0.9731666666666666
classic,Adam,0.003,,42,Adam lr=0.003,3,0.05194798876510726,0.9837222222222223,0.08452912902832031,0.9753333333333334
classic,Adam,0.003,,42,Adam lr=0.003,4,0.041633773508999085,0.986462962962963,0.06384628550211588,0.9821666666666666
classic,Adam,0.003,,42,Adam lr=0.003,5,0.03525007102003804,0.9883888888888889,0.06794565327962239,0.9811666666666666
classic,Adam,0.003,,42,Adam lr=0.003,6,0.030457143016159535,0.9903148148148149,0.07305060068766277,0.9796666666666667
classic,Adam,0.003,,42,Adam lr=0.003,7,0.029400384643839466,0.9903703703703703,0.060681020100911455,0.9833333333333333
classic,Adam,0.003,,42,Adam lr=0.003,8,0.026457814850465014,0.9915555555555555,0.07107081349690755,0.9801666666666666
classic,Adam,0.003,,42,Adam lr=0.003,9,0.02450519462674856,0.9921666666666666,0.0629523696899414,0.9821666666666666
classic,Adam,0.003,,42,Adam lr=0.003,10,0.018704735279083253,0.9937962962962963,0.06948699569702148,0.9831666666666666
classic,Adam,0.003,,42,Adam lr=0.003,11,0.022080424044695166,0.992462962962963,0.061581368764241536,0.9823333333333333
classic,Adam,0.003,,42,Adam lr=0.003,12,0.019527125688338722,0.9934444444444445,0.07839000701904297,0.98
classic,Adam,0.003,,42,Adam lr=0.003,13,0.01808470805824079,0.9943703703703703,0.06349717585245768,0.9846666666666667
classic,Adam,0.003,,42,Adam lr=0.003,14,0.016362092928753957,0.9947222222222222,0.05323542912801107,0.9863333333333333
classic,Adam,0.003,,42,Adam lr=0.003,15,0.019021450479204456,0.9937777777777778,0.07118460337320963,0.9833333333333333
classic,Adam,0.003,,73,Adam lr=0.003,1,0.2263118046168928,0.9338888888888889,0.11418926747639974,0.966
classic,Adam,0.003,,73,Adam lr=0.003,2,0.07755801804280943,0.9762222222222222,0.08851920064290364,0.9731666666666666
classic,Adam,0.003,,73,Adam lr=0.003,3,0.0542477675014072,0.983037037037037,0.0658755594889323,0.9805
classic,Adam,0.003,,73,Adam lr=0.003,4,0.04287939251931729,0.9864074074074074,0.0668750991821289,0.98
classic,Adam,0.003,,73,Adam lr=0.003,5,0.03557532574126014,0.9886111111111111,0.074584597269694,0.977
classic,Adam,0.003,,73,Adam lr=0.003,6,0.03306106168445613,0.9892592592592593,0.06807374572753906,0.9801666666666666
classic,Adam,0.003,,73,Adam lr=0.003,7,0.027945046114424863,0.9913888888888889,0.06718876775105795,0.9803333333333333
classic,Adam,0.003,,73,Adam lr=0.003,8,0.02456453537651234,0.9917592592592592,0.056510191599528,0.9828333333333333
classic,Adam,0.003,,73,Adam lr=0.003,9,0.024671138027751886,0.9919629629629629,0.059832110087076826,0.9823333333333333
classic,Adam,0.003,,73,Adam lr=0.003,10,0.0219591064195804,0.9929444444444444,0.07489671834309895,0.9793333333333333
classic,Adam,0.003,,73,Adam lr=0.003,11,0.021338488850811566,0.9933333333333333,0.0507965571085612,0.9846666666666667
classic,Adam,0.003,,73,Adam lr=0.003,12,0.02244471323752293,0.9926851851851852,0.06518817774454752,0.9816666666666667
classic,Adam,0.003,,73,Adam lr=0.003,13,0.017245204728993553,0.9943148148148148,0.04823511759440104,0.9858333333333333
classic,Adam,0.003,,73,Adam lr=0.003,14,0.017465096273562974,0.9942592592592593,0.07466011810302735,0.9798333333333333
classic,Adam,0.003,,73,Adam lr=0.003,15,0.018945021908523308,0.993537037037037,0.061948621114095055,0.9845
classic,Adam,0.01,,37,Adam lr=0.01,1,0.20121222299558145,0.9387962962962964,0.1401424763997396,0.9591666666666666
classic,Adam,0.01,,37,Adam lr=0.01,2,0.10540761807671299,0.9688703703703704,0.1221969985961914,0.9613333333333334
classic,Adam,0.01,,37,Adam lr=0.01,3,0.0953235802286201,0.9708148148148148,0.1107129618326823,0.9693333333333334
classic,Adam,0.01,,37,Adam lr=0.01,4,0.09164657229571431,0.972037037037037,0.11128238932291666,0.9683333333333334
classic,Adam,0.01,,37,Adam lr=0.01,5,0.09086135676723939,0.9737592592592592,0.10618060302734375,0.9685
classic,Adam,0.01,,37,Adam lr=0.01,6,0.09600862896663172,0.9707777777777777,0.09830655924479166,0.9725
classic,Adam,0.01,,37,Adam lr=0.01,7,0.09028196261326472,0.9734074074074074,0.10882972717285157,0.9693333333333334
classic,Adam,0.01,,37,Adam lr=0.01,8,0.0889596996417752,0.9735555555555555,0.11215383402506511,0.9668333333333333
classic,Adam,0.01,,37,Adam lr=0.01,9,0.09186949785991952,0.9730555555555556,0.11901748911539714,0.966
classic,Adam,0.01,,37,Adam lr=0.01,10,0.09638501956948528,0.9710925925925926,0.11301870473225911,0.9686666666666667
classic,Adam,0.01,,37,Adam lr=0.01,11,0.0944304828412003,0.9719444444444445,0.1015783208211263,0.9733333333333334
classic,Adam,0.01,,37,Adam lr=0.01,12,0.08415414375729031,0.9744074074074074,0.11824288431803386,0.9655
classic,Adam,0.01,,37,Adam lr=0.01,13,0.0902030706582246,0.9731481481481481,0.1221198247273763,0.965
classic,Adam,0.01,,37,Adam lr=0.01,14,0.0913586639938531,0.9726296296296296,0.12444074249267578,0.9636666666666667
classic,Adam,0.01,,37,Adam lr=0.01,15,0.09239048080753397,0.9725185185185186,0.127814697265625,0.9643333333333334
classic,Adam,0.01,,42,Adam lr=0.01,1,0.20198620354798105,0.9378518518518518,0.1423191630045573,0.9586666666666667
classic,Adam,0.01,,42,Adam lr=0.01,2,0.10652154826234889,0.9682592592592593,0.10777616373697917,0.9696666666666667
classic,Adam,0.01,,42,Adam lr=0.01,3,0.10066505251548909,0.9696481481481481,0.12232082112630209,0.9675
classic,Adam,0.01,,42,Adam lr=0.01,4,0.08889469540119171,0.9736111111111111,0.10482720438639323,0.9683333333333334
classic,Adam,0.01,,42,Adam lr=0.01,5,0.08433086156955472,0.9745925925925926,0.11220175170898437,0.968
classic,Adam,0.01,,42,Adam lr=0.01,6,0.0957003367929547,0.9716666666666667,0.11535538736979167,0.9678333333333333
classic,Adam,0.01,,42,Adam lr=0.01,7,0.09725464327026297,0.9710185185185185,0.11042808532714844,0.968
classic,Adam,0.01,,42,Adam lr=0.01,8,0.09322669554860503,0.9719444444444445,0.1320842793782552,0.9611666666666666
classic,Adam,0.01,,42,Adam lr=0.01,9,0.08969818544387817,0.9729629629629629,0.129557009379069,0.9628333333333333
classic,Adam,0.01,,42,Adam lr=0.01,10,0.09471206454215227,0.9716481481481481,0.12802339935302734,0.9626666666666667
classic,Adam,0.01,,42,Adam lr=0.01,11,0.08694080919468844,0.9743148148148149,0.13591546885172526,0.9585
classic,Adam,0.01,,42,Adam lr=0.01,12,0.09484580127398173,0.9713518518518518,0.1156526133219401,0.9671666666666666
classic,Adam,0.01,,42,Adam lr=0.01,13,0.08994752978616291,0.9726111111111111,0.11443513743082682,0.9681666666666666
classic,Adam,0.01,,42,Adam lr=0.01,14,0.09776188708455474,0.9704259259259259,0.1293167928059896,0.964
classic,Adam,0.01,,42,Adam lr=0.01,15,0.09582648889113356,0.9712222222222222,0.12872696431477865,0.9673333333333334
classic,Adam,0.01,,73,Adam lr=0.01,1,0.21752581182011851,0.9333703703703704,0.13933158365885417,0.9566666666666667
classic,Adam,0.01,,73,Adam lr=0.01,2,0.11499239291085138,0.965,0.1204708735148112,0.9665
classic,Adam,0.01,,73,Adam lr=0.01,3,0.09712653858131833,0.9701296296296297,0.11346624247233073,0.9676666666666667
classic,Adam,0.01,,73,Adam lr=0.01,4,0.09740976177100782,0.9713148148148149,0.11360626983642579,0.9671666666666666
classic,Adam,0.01,,73,Adam lr=0.01,5,0.09504279832265995,0.9715555555555555,0.11495494079589844,0.9676666666666667
classic,Adam,0.01,,73,Adam lr=0.01,6,0.09707709734307395,0.9709629629629629,0.125760004679362,0.9648333333333333
classic,Adam,0.01,,73,Adam lr=0.01,7,0.09367424414334474,0.9718333333333333,0.12935391743977864,0.9638333333333333
classic,Adam,0.01,,73,Adam lr=0.01,8,0.09942841906128107,0.9701851851851852,0.1305338083902995,0.9635
classic,Adam,0.01,,73,Adam lr=0.01,9,0.09621343240693764,0.9723888888888889,0.10894039916992188,0.9696666666666667
classic,Adam,0.01,,73,Adam lr=0.01,10,0.09174497839477327,0.9734444444444444,0.1100056915283203,0.9676666666666667
classic,Adam,0.01,,73,Adam lr=0.01,11,0.08991264443265067,0.9731481481481481,0.13512341562906902,0.9613333333333334
classic,Adam,0.01,,73,Adam lr=0.01,12,0.08700899459145688,0.9738333333333333,0.10802335103352864,0.9703333333333334
classic,Adam,0.01,,73,Adam lr=0.01,13,0.08892498142189449,0.9732777777777778,0.11622234090169271,0.9696666666666667
classic,Adam,0.01,,73,Adam lr=0.01,14,0.08836333127154244,0.9735925925925926,0.1082863540649414,0.9683333333333334
classic,Adam,0.01,,73,Adam lr=0.01,15,0.09217418879160175,0.9725370370370371,0.12156883239746094,0.9661666666666666
classic,Adam,0.03,,37,Adam lr=0.03,1,0.3616806816039262,0.8903703703703704,0.34906593831380206,0.901
classic,Adam,0.03,,37,Adam lr=0.03,2,0.3553729233565154,0.8963518518518518,0.38890928141276043,0.8786666666666667
classic,Adam,0.03,,37,Adam lr=0.03,3,0.37979888778262666,0.889462962962963,0.45108297729492186,0.8741666666666666
classic,Adam,0.03,,37,Adam lr=0.03,4,0.42030596629778544,0.8758888888888889,0.42666815185546875,0.8821666666666667
classic,Adam,0.03,,37,Adam lr=0.03,5,0.3737776240154549,0.8877037037037037,0.3448204650878906,0.9006666666666666
classic,Adam,0.03,,37,Adam lr=0.03,6,0.501064287185669,0.8551666666666666,0.348713877360026,0.8965
classic,Adam,0.03,,37,Adam lr=0.03,7,0.33252086464564007,0.8987222222222222,0.3417303263346354,0.902
classic,Adam,0.03,,37,Adam lr=0.03,8,0.3418403762269903,0.8981481481481481,0.34415171305338543,0.8998333333333334
classic,Adam,0.03,,37,Adam lr=0.03,9,0.3368938781596996,0.8993518518518518,0.33765489705403645,0.907
classic,Adam,0.03,,37,Adam lr=0.03,10,0.3112507049066049,0.9078333333333334,0.3336361592610677,0.9046666666666666
classic,Adam,0.03,,37,Adam lr=0.03,11,0.32120088245692074,0.9049259259259259,0.35015132649739583,0.8998333333333334
classic,Adam,0.03,,37,Adam lr=0.03,12,0.3227226066324446,0.9048333333333334,0.35815631103515627,0.8976666666666666
classic,Adam,0.03,,37,Adam lr=0.03,13,0.3777923071914249,0.8880555555555556,0.3999612121582031,0.8901666666666667
classic,Adam,0.03,,37,Adam lr=0.03,14,0.3600143375131819,0.8927962962962963,0.3984919942220052,0.8793333333333333
classic,Adam,0.03,,37,Adam lr=0.03,15,0.37225549583081846,0.8910370370370371,0.3909576619466146,0.8848333333333334
classic,Adam,0.03,,42,Adam lr=0.03,1,0.39958246635507655,0.876,0.32493111165364585,0.9011666666666667
classic,Adam,0.03,,42,Adam lr=0.03,2,0.3205237369890566,0.9041481481481481,0.3708978983561198,0.8945
classic,Adam,0.03,,42,Adam lr=0.03,3,0.3357280317147573,0.9012222222222223,0.3452946065266927,0.9028333333333334
classic,Adam,0.03,,42,Adam lr=0.03,4,0.35055227393574184,0.8972592592592593,0.4633677266438802,0.8658333333333333
classic,Adam,0.03,,42,Adam lr=0.03,5,0.43218575082884897,0.8746666666666667,0.3625959981282552,0.8971666666666667
classic,Adam,0.03,,42,Adam lr=0.03,6,0.3545271161750511,0.8951296296296296,0.30101997884114584,0.9071666666666667
classic,Adam,0.03,,42,Adam lr=0.03,7,0.34708833764217517,0.8967037037037037,0.38585143025716145,0.8908333333333334
classic,Adam,0.03,,42,Adam lr=0.03,8,0.37012827240537716,0.8901111111111111,0.4375640665690104,0.8716666666666667
classic,Adam,0.03,,42,Adam lr=0.03,9,0.3711518222755856,0.8868148148148148,0.429630859375,0.8761666666666666
classic,Adam,0.03,,42,Adam lr=0.03,10,0.35210962502161663,0.8952962962962963,0.3632029622395833,0.8916666666666667
classic,Adam,0.03,,42,Adam lr=0.03,11,0.3444404056602054,0.8971111111111111,0.3603593241373698,0.8926666666666667
classic,Adam,0.03,,42,Adam lr=0.03,12,0.3443044747158333,0.8977407407407407,0.35718094889322916,0.8981666666666667
classic,Adam,0.03,,42,Adam lr=0.03,13,0.34200974129747463,0.8974074074074074,0.3379765625,0.9
classic,Adam,0.03,,42,Adam lr=0.03,14,0.39369100777308147,0.8852407407407408,0.41934445190429687,0.8781666666666667
classic,Adam,0.03,,42,Adam lr=0.03,15,0.3497529793050554,0.8959259259259259,0.4212538553873698,0.8743333333333333
classic,Adam,0.03,,73,Adam lr=0.03,1,0.3490298518869612,0.8921666666666667,0.3484756368001302,0.9015
classic,Adam,0.03,,73,Adam lr=0.03,2,0.3526312069186458,0.8967222222222222,0.4089001159667969,0.8825
classic,Adam,0.03,,73,Adam lr=0.03,3,0.3690016621130484,0.890962962962963,0.3492620544433594,0.9031666666666667
classic,Adam,0.03,,73,Adam lr=0.03,4,0.3612773444387648,0.8947037037037037,0.3420450439453125,0.9015
classic,Adam,0.03,,73,Adam lr=0.03,5,0.35563499779171415,0.8942407407407408,0.3131119588216146,0.9113333333333333
classic,Adam,0.03,,73,Adam lr=0.03,6,0.3732905120143184,0.8920555555555556,0.3383766581217448,0.902
classic,Adam,0.03,,73,Adam lr=0.03,7,0.356145758734809,0.8973333333333333,0.34732412719726563,0.8973333333333333
classic,Adam,0.03,,73,Adam lr=0.03,8,0.3383039347330729,0.9002962962962963,0.3733299763997396,0.8875
classic,Adam,0.03,,73,Adam lr=0.03,9,0.3711127068290004,0.8902962962962963,0.3908868815104167,0.8915
classic,Adam,0.03,,73,Adam lr=0.03,10,0.33259030780085813,0.9006851851851851,0.3887456359863281,0.8875
classic,Adam,0.03,,73,Adam lr=0.03,11,0.363116271910844,0.8904444444444445,0.37002058919270836,0.8863333333333333
classic,Adam,0.03,,73,Adam lr=0.03,12,0.37432664993074205,0.8873148148148148,0.4770859883626302,0.8643333333333333
classic,Adam,0.03,,73,Adam lr=0.03,13,0.3486290952982726,0.8983148148148148,0.31513134765625,0.9113333333333333
classic,Adam,0.03,,73,Adam lr=0.03,14,0.34971260084487776,0.895462962962963,0.4272383321126302,0.8816666666666667
classic,Adam,0.03,,73,Adam lr=0.03,15,0.3763309473903091,0.8879814814814815,0.3599351603190104,0.8966666666666666
classic,SGD,0.1,0.99,37,SGD lr=0.1 m=0.99,1,0.6575511473726343,0.8431666666666666,0.7550378011067709,0.8275
classic,SGD,0.1,0.99,37,SGD lr=0.1 m=0.99,2,1.4622458127339681,0.7114444444444444,2.141875569661458,0.49033333333333334
classic,SGD,0.1,0.99,37,SGD lr=0.1 m=0.99,3,2.9722529819629813,0.5000370370370371,3.3607063802083332,0.38283333333333336
classic,SGD,0.1,0.99,37,SGD lr=0.1 m=0.99,4,4.957231740033185,0.2802222222222222,11.335634440104167,0.17333333333333334
classic,SGD,0.1,0.99,37,SGD lr=0.1 m=0.99,5,6.877719038645426,0.20124074074074075,3.652717041015625,0.2275
classic,SGD,0.1,0.99,37,SGD lr=0.1 m=0.99,6,9.17949097668683,0.15405555555555556,12.858293619791667,0.117
classic,SGD,0.1,0.99,37,SGD lr=0.1 m=0.99,7,17.555792792991355,0.15738888888888888,17.100845052083333,0.1845
classic,SGD,0.1,0.99,37,SGD lr=0.1 m=0.99,8,11.922896590056244,0.1645,7.5291650390625,0.1225
classic,SGD,0.1,0.99,37,SGD lr=0.1 m=0.99,9,22.66911673369231,0.12229629629629629,26.629956380208334,0.11483333333333333
classic,SGD,0.1,0.99,37,SGD lr=0.1 m=0.99,10,23.579501753065323,0.15385185185185185,26.607679036458332,0.0955
classic,SGD,0.1,0.99,37,SGD lr=0.1 m=0.99,11,22.76868103083858,0.15468518518518518,21.83308723958333,0.27216666666666667
classic,SGD,0.1,0.99,37,SGD lr=0.1 m=0.99,12,17.43919881297924,0.15388888888888888,35.9946796875,0.145
classic,SGD,0.1,0.99,37,SGD lr=0.1 m=0.99,13,19.951515386510778,0.1751851851851852,32.03747135416667,0.1505
classic,SGD,0.1,0.99,37,SGD lr=0.1 m=0.99,14,25.14477655311867,0.16475925925925927,19.773362630208332,0.19216666666666668
classic,SGD,0.1,0.99,37,SGD lr=0.1 m=0.99,15,20.815856720818413,0.1617222222222222,17.623254557291666,0.1335
classic,SGD,0.1,0.99,42,SGD lr=0.1 m=0.99,1,0.760106438672101,0.8317962962962963,1.416383585611979,0.7385
classic,SGD,0.1,0.99,42,SGD lr=0.1 m=0.99,2,1.8501734888995136,0.6582592592592592,2.868173502604167,0.49033333333333334
classic,SGD,0.1,0.99,42,SGD lr=0.1 m=0.99,3,3.682487951349329,0.3644074074074074,4.406777506510417,0.25466666666666665
classic,SGD,0.1,0.99,42,SGD lr=0.1 m=0.99,4,5.381934631347656,0.2093888888888889,8.2854619140625,0.221
classic,SGD,0.1,0.99,42,SGD lr=0.1 m=0.99,5,5.903280841686107,0.2614814814814815,2.630021321614583,0.42783333333333334
classic,SGD,0.1,0.99,42,SGD lr=0.1 m=0.99,6,3.745464664883084,0.2765,4.327113118489583,0.23266666666666666
classic,SGD,0.1,0.99,42,SGD lr=0.1 m=0.99,7,5.9873647350735135,0.21205555555555555,11.667751953125,0.102
classic,SGD,0.1,0.99,42,SGD lr=0.1 m=0.99,8,26.61246641144929,0.10174074074074074,50.21099348958333,0.09333333333333334
classic,SGD,0.1,0.99,42,SGD lr=0.1 m=0.99,9,35.676562290898076,0.12018518518518519,21.67666796875,0.14883333333333335
classic,SGD,0.1,0.99,42,SGD lr=0.1 m=0.99,10,33.32477385683413,0.13033333333333333,39.098065104166665,0.1485
classic,SGD,0.1,0.99,42,SGD lr=0.1 m=0.99,11,31.284446124041523,0.17524074074074075,30.36115234375,0.17866666666666667
classic,SGD,0.1,0.99,42,SGD lr=0.1 m=0.99,12,22.06414890995732,0.1613888888888889,18.842779947916668,0.14216666666666666
classic,SGD,0.1,0.99,42,SGD lr=0.1 m=0.99,13,27.049750372427482,0.14537037037037037,23.960668619791665,0.2235
classic,SGD,0.1,0.99,42,SGD lr=0.1 m=0.99,14,30.59379032841435,0.1902037037037037,16.981858072916665,0.22983333333333333
classic,SGD,0.1,0.99,42,SGD lr=0.1 m=0.99,15,10.929205098470051,0.22168518518518518,10.102126627604166,0.24583333333333332
classic,SGD,0.1,0.99,73,SGD lr=0.1 m=0.99,1,0.7678519964747959,0.8311666666666667,1.0296439819335939,0.7973333333333333
classic,SGD,0.1,0.99,73,SGD lr=0.1 m=0.99,2,1.8793906598267731,0.6851851851851852,3.1515131022135416,0.49466666666666664
classic,SGD,0.1,0.99,73,SGD lr=0.1 m=0.99,3,3.242623541514079,0.4026666666666667,4.651841634114583,0.228
classic,SGD,0.1,0.99,73,SGD lr=0.1 m=0.99,4,6.219827681082267,0.25725925925925924,7.576271647135417,0.2065
classic,SGD,0.1,0.99,73,SGD lr=0.1 m=0.99,5,11.739465938991971,0.14151851851851852,7.203254720052083,0.22833333333333333
classic,SGD,0.1,0.99,73,SGD lr=0.1 m=0.99,6,13.714031409369575,0.1585,24.922674479166666,0.09233333333333334
classic,SGD,0.1,0.99,73,SGD lr=0.1 m=0.99,7,36.53469486490886,0.10922222222222222,24.586455729166666,0.17833333333333334
classic,SGD,0.1,0.99,73,SGD lr=0.1 m=0.99,8,23.282534925672742,0.1411851851851852,25.469057291666665,0.13033333333333333
classic,SGD,0.1,0.99,73,SGD lr=0.1 m=0.99,9,22.041925736321343,0.15116666666666667,14.7278037109375,0.17216666666666666
classic,SGD,0.1,0.99,73,SGD lr=0.1 m=0.99,10,22.380431646276403,0.16727777777777778,30.340440104166667,0.11366666666666667
classic,SGD,0.1,0.99,73,SGD lr=0.1 m=0.99,11,24.796429516262478,0.15535185185185185,16.486606119791666,0.16583333333333333
classic,SGD,0.1,0.99,73,SGD lr=0.1 m=0.99,12,29.231907758359554,0.15768518518518518,19.016524739583332,0.2175
classic,SGD,0.1,0.99,73,SGD lr=0.1 m=0.99,13,17.322030114350497,0.20187037037037037,10.381680989583334,0.22133333333333333
classic,SGD,0.1,0.99,73,SGD lr=0.1 m=0.99,14,5.507213857862684,0.1693148148148148,6.866856282552083,0.29033333333333333
classic,SGD,0.1,0.99,73,SGD lr=0.1 m=0.99,15,7.8761837381433555,0.20892592592592593,5.62209033203125,0.2435
