opt,lr,momentum,test_acc_mean,test_acc_sd,test_acc_min,test_acc_max,val_acc_mean,seeds_diverged,seeds_collapsed,seed_spread,verdict
Adam,0.001,,0.9899333333333334,0.001913983629327422,0.9879,0.9917,0.9879444444444444,0,0,0.0038000000000000256,strong
SGD,0.1,0.0,0.9899,0.0017578395831246794,0.9879,0.9912,0.9868333333333332,0,0,0.0032999999999999696,strong
SGD,0.1,0.5,0.9896666666666666,0.0013613718571107952,0.9886,0.9912,0.9877777777777776,0,0,0.0025999999999999357,strong
SGD,0.01,0.9,0.9890666666666666,0.0007571877794400558,0.9882,0.9896,0.9873333333333334,0,0,0.0014000000000000679,strong
Adam,0.003,,0.9889666666666667,0.0012662279942148036,0.9876,0.9901,0.9874999999999998,0,0,0.0024999999999999467,strong
SGD,0.01,0.5,0.9863666666666667,0.0011503622617825048,0.9852,0.9875,0.9823888888888889,0,0,0.0023000000000000798,strong
Adam,0.01,,0.984,0.0021702534414210664,0.9815,0.9854,0.9817222222222223,0,0,0.0039000000000000146,strong
Adam,0.0001,,0.9833,0.0006999999999999944,0.9825,0.9838,0.9796111111111111,0,0,0.0012999999999999678,strong
SGD,0.001,0.9,0.9829,0.0005567764362830505,0.9823,0.9834,0.98,0,0,0.001100000000000101,strong
SGD,0.01,0.0,0.9827333333333333,0.0008020806277010844,0.9819,0.9835,0.9765555555555556,0,0,0.0016000000000000458,strong
SGD,0.1,0.9,0.9757666666666666,0.006185736280616357,0.9687,0.9802,0.9731111111111111,0,0,0.011499999999999955,works
SGD,0.001,0.5,0.9466333333333333,0.00609289203361863,0.9396,0.9503,0.9398333333333334,0,0,0.010700000000000043,works
SGD,0.001,0.0,0.8846999999999999,0.025789145003276066,0.8573,0.9085,0.8805555555555555,0,0,0.05120000000000002,unstable (seeds disagree by >2%)
Adam,0.03,,0.38856666666666667,0.47642944213527916,0.1135,0.9387,0.3883888888888889,0,2,0.8251999999999999,"BIMODAL — some seeds train, some collapse"
SGD,0.1,0.99,0.09923333333333334,0.0029737742572921297,0.0958,0.101,0.1001111111111111,0,3,0.00520000000000001,collapsed to chance (all seeds)
